threshold_quantile,threshold_name,lead_days,model,reference_model,metric,basins,spatial_groups,test_transitions,weighted_improvement,relative_skill,equal_group_improvement,bootstrap_ci_low,bootstrap_ci_high,basins_improved,groups_improved,positive_means_better
0.05,Q5,1,adaptive_heavytail_recession_logistic,training_climatology,brier,2609,9,1538324,0.09745698612782334,0.8719295093622749,0.10169215175245858,0.0848524402385645,0.10860850070480779,2600,9,True
0.05,Q5,1,adaptive_heavytail_recession_logistic,training_climatology,log_loss,2609,9,1538324,0.3336456198626433,0.8581529416588329,0.3432173183115682,0.2962653211911033,0.3669018629791236,2603,9,True
0.05,Q5,2,adaptive_heavytail_recession_logistic,training_climatology,brier,2107,9,1155504,0.09704581410198278,0.8068832899373296,0.10404056434878207,0.08291256435413541,0.10757728968664926,2080,9,True
0.05,Q5,2,adaptive_heavytail_recession_logistic,training_climatology,log_loss,2107,9,1155504,0.32733272979244776,0.7925514363367907,0.3414293646840357,0.28924406515925866,0.35929014058988135,2092,9,True
0.05,Q5,3,adaptive_heavytail_recession_logistic,training_climatology,brier,1624,9,880714,0.09647952869639698,0.7696585052419322,0.10113161725667436,0.08036590077704404,0.10679664063914147,1583,9,True
0.05,Q5,3,adaptive_heavytail_recession_logistic,training_climatology,log_loss,1624,9,880714,0.3224990123739764,0.7539141833845726,0.3265662383374797,0.2797923000297952,0.35456555432280584,1599,9,True
0.05,Q5,5,adaptive_heavytail_recession_logistic,training_climatology,brier,956,8,551447,0.09732725648365939,0.7198326689781576,0.09172867960765291,0.07898708103855108,0.1076793425753191,923,8,True
0.05,Q5,5,adaptive_heavytail_recession_logistic,training_climatology,log_loss,956,8,551447,0.32243404135260617,0.7040316333392569,0.30257129232261953,0.2717162373460723,0.355102599354974,935,8,True
0.05,Q5,7,adaptive_heavytail_recession_logistic,training_climatology,brier,653,7,390983,0.09923056108174563,0.6993416103119036,0.09239267797966977,0.08216227223713529,0.11222058986313418,634,7,True
0.05,Q5,7,adaptive_heavytail_recession_logistic,training_climatology,log_loss,653,7,390983,0.32966336867877194,0.6900616186421666,0.3050503301355382,0.28113643232295027,0.3730660827963708,644,7,True
0.05,Q5,10,adaptive_heavytail_recession_logistic,training_climatology,brier,402,5,253865,0.0994860681033532,0.6584508282280049,0.0807521905418058,0.07884021614287774,0.1154335091642277,386,5,True
0.05,Q5,10,adaptive_heavytail_recession_logistic,training_climatology,log_loss,402,5,253865,0.3293104495251025,0.6522615778686657,0.2939756553238566,0.28245073254730635,0.39337365870997015,391,5,True
0.05,Q5,14,adaptive_heavytail_recession_logistic,training_climatology,brier,255,3,165714,0.10042771900135111,0.613907142206906,0.08824799981605137,0.06722633340643645,0.1190139477833766,241,3,True
0.05,Q5,14,adaptive_heavytail_recession_logistic,training_climatology,log_loss,255,3,165714,0.32468066287043695,0.6046335117355399,0.29773660408263053,0.25580901063910555,0.39418531438212934,244,3,True
0.05,Q5,21,adaptive_heavytail_recession_logistic,training_climatology,brier,144,2,91336,0.09925774785563425,0.5611608013533832,0.096771485653677,0.06990353619063146,0.12291648835590717,132,2,True
0.05,Q5,21,adaptive_heavytail_recession_logistic,training_climatology,log_loss,144,2,91336,0.31595763675205796,0.5482312812021174,0.30688897751314503,0.22083338933101712,0.3895673357067014,135,2,True
0.05,Q5,30,adaptive_heavytail_recession_logistic,training_climatology,brier,102,2,56093,0.10191489921321219,0.5149812385818188,0.09356761307516433,0.06229864353066308,0.1314835856058361,89,2,True
0.05,Q5,30,adaptive_heavytail_recession_logistic,training_climatology,log_loss,102,2,56093,0.3154847780691245,0.49879627796531695,0.28441347999361133,0.19807444976064884,0.405528533608402,91,2,True
0.1,Q10,1,adaptive_heavytail_recession_logistic,training_climatology,brier,3280,9,1924679,0.13700063767250004,0.8888604480587007,0.1418105719023656,0.12418129560469718,0.14943907154429203,3266,9,True
0.1,Q10,1,adaptive_heavytail_recession_logistic,training_climatology,log_loss,3280,9,1924679,0.4210838338563397,0.8659051265682175,0.43202663416125775,0.38845002196586803,0.45004936121410444,3273,9,True
0.1,Q10,2,adaptive_heavytail_recession_logistic,training_climatology,brier,2763,9,1479167,0.13303299028656504,0.8302802626650899,0.13849006300889893,0.11704039306258282,0.14469983867636435,2740,9,True
0.1,Q10,2,adaptive_heavytail_recession_logistic,training_climatology,log_loss,2763,9,1479167,0.4017433788304976,0.8016142713676664,0.4130633716431481,0.36288608883551554,0.43068424902058583,2744,9,True
0.1,Q10,3,adaptive_heavytail_recession_logistic,training_climatology,brier,2171,9,1125256,0.1306909230349274,0.7921873801172413,0.13296691080068154,0.11304601705995825,0.14406148201088156,2141,9,True
0.1,Q10,3,adaptive_heavytail_recession_logistic,training_climatology,log_loss,2171,9,1125256,0.38954343044029716,0.7593461516295105,0.39025663592421167,0.3410635620216202,0.4237895624095794,2160,9,True
0.1,Q10,5,adaptive_heavytail_recession_logistic,training_climatology,brier,1265,8,696720,0.1290167280127315,0.7428771575708514,0.12128734018570235,0.10574209787917954,0.14390614805995203,1235,8,True
0.1,Q10,5,adaptive_heavytail_recession_logistic,training_climatology,log_loss,1265,8,696720,0.37744703278431846,0.7053333780596535,0.35681396585112146,0.3237744760764062,0.41064457379322244,1247,8,True
0.1,Q10,7,adaptive_heavytail_recession_logistic,training_climatology,brier,845,7,487478,0.13208208530511842,0.7302632994092162,0.11904296875203338,0.10416143597396815,0.1509525021452944,826,7,True
0.1,Q10,7,adaptive_heavytail_recession_logistic,training_climatology,log_loss,845,7,487478,0.38396870471572725,0.6940082529706574,0.3464045621438691,0.3164426362789492,0.4274660707718552,835,7,True
0.1,Q10,10,adaptive_heavytail_recession_logistic,training_climatology,brier,519,5,317601,0.13187554415919167,0.6991388821349379,0.10694194776376638,0.0995236528221369,0.15307353189966766,502,5,True
0.1,Q10,10,adaptive_heavytail_recession_logistic,training_climatology,log_loss,519,5,317601,0.37899492926992784,0.6612658005046015,0.3140334012573567,0.3152980699795542,0.4298964531022943,504,5,True
0.1,Q10,14,adaptive_heavytail_recession_logistic,training_climatology,brier,322,3,203699,0.13458663078987537,0.6651086595477312,0.12110892777428416,0.08684375720436088,0.15508961913304886,307,3,True
0.1,Q10,14,adaptive_heavytail_recession_logistic,training_climatology,log_loss,322,3,203699,0.375201632373577,0.6200044110704117,0.3527378310268647,0.30738981240095803,0.42522790319609566,311,3,True
0.1,Q10,21,adaptive_heavytail_recession_logistic,training_climatology,brier,180,2,111954,0.13435006463032625,0.6136771663627192,0.13157863625869112,0.10992499148170667,0.1574447754152174,166,2,True
0.1,Q10,21,adaptive_heavytail_recession_logistic,training_climatology,log_loss,180,2,111954,0.3623574020034425,0.5626862304116994,0.3529880656355968,0.30533376940281454,0.41381049285878335,169,2,True
0.1,Q10,30,adaptive_heavytail_recession_logistic,training_climatology,brier,129,2,70703,0.1307165373941362,0.5628745449417434,0.12557153830663073,0.10125934113358838,0.15213604339880163,118,2,True
0.1,Q10,30,adaptive_heavytail_recession_logistic,training_climatology,log_loss,129,2,70703,0.33974958210556605,0.5044492896227514,0.32428272862969226,0.2785320699996792,0.389985528057582,116,2,True
0.2,Q20,1,adaptive_heavytail_recession_logistic,training_climatology,brier,3716,9,2172274,0.19215273135718425,0.9095619910794014,0.19420231715013322,0.1818939706085371,0.20213439868826635,3710,9,True
0.2,Q20,1,adaptive_heavytail_recession_logistic,training_climatology,log_loss,3716,9,2172274,0.5390037940222957,0.8808876898342803,0.544615881939853,0.5158586822101063,0.5636636397586715,3712,9,True
0.2,Q20,2,adaptive_heavytail_recession_logistic,training_climatology,brier,3164,9,1678411,0.18405313340825646,0.8573712372552044,0.18761255353931924,0.17258962387106758,0.19430660719823906,3150,9,True
0.2,Q20,2,adaptive_heavytail_recession_logistic,training_climatology,log_loss,3164,9,1678411,0.5070301222363597,0.8189163126474794,0.5172858300407501,0.48116575073192286,0.5296911382254399,3154,9,True
0.2,Q20,3,adaptive_heavytail_recession_logistic,training_climatology,brier,2527,9,1287298,0.1771712994515016,0.8182919706841186,0.18235837088890394,0.16283594591721223,0.18886553734595804,2511,9,True
0.2,Q20,3,adaptive_heavytail_recession_logistic,training_climatology,log_loss,2527,9,1287298,0.4820878860971722,0.7738663078696699,0.49627958254909277,0.44683429975673733,0.5077121999001184,2517,9,True
0.2,Q20,5,adaptive_heavytail_recession_logistic,training_climatology,brier,1521,8,806013,0.16867172382116233,0.7654740504264336,0.1709188310015909,0.14926590823945476,0.18391777593756514,1504,8,True
0.2,Q20,5,adaptive_heavytail_recession_logistic,training_climatology,log_loss,1521,8,806013,0.4509202893713508,0.7139172478564698,0.4524176022553926,0.40383073425656535,0.4810396673585866,1507,8,True
0.2,Q20,7,adaptive_heavytail_recession_logistic,training_climatology,brier,1009,7,560538,0.16925509158505084,0.753542295557866,0.16149633423254656,0.14880025674829786,0.18761664589306903,1003,7,True
0.2,Q20,7,adaptive_heavytail_recession_logistic,training_climatology,log_loss,1009,7,560538,0.44909473236576225,0.7008630707769019,0.4161631979470485,0.39456653569613437,0.4861550215612545,1006,7,True
0.2,Q20,10,adaptive_heavytail_recession_logistic,training_climatology,brier,611,5,364243,0.16580300238875903,0.7198801095355597,0.15430962688847066,0.1449862102838399,0.18508179221657486,602,5,True
0.2,Q20,10,adaptive_heavytail_recession_logistic,training_climatology,log_loss,611,5,364243,0.43397931505085735,0.6644967484268394,0.3831970732049825,0.38224002523317846,0.4701423431531758,605,5,True
0.2,Q20,14,adaptive_heavytail_recession_logistic,training_climatology,brier,386,3,235904,0.16429277034604997,0.6899688805869123,0.15572362111714777,0.14327824309480414,0.1816100413953523,380,3,True
0.2,Q20,14,adaptive_heavytail_recession_logistic,training_climatology,log_loss,386,3,235904,0.42173313135548274,0.6297801561695233,0.39954312950267196,0.3777207985470683,0.4599060434663758,380,3,True
0.2,Q20,21,adaptive_heavytail_recession_logistic,training_climatology,brier,211,2,127462,0.1638556463916959,0.6495584316210689,0.16078641141140587,0.15000786771782965,0.1806705053571559,205,2,True
0.2,Q20,21,adaptive_heavytail_recession_logistic,training_climatology,log_loss,211,2,127462,0.4090271880749946,0.5839473833475153,0.40169441401385897,0.37273986992639263,0.4564953024796083,207,2,True
0.2,Q20,30,adaptive_heavytail_recession_logistic,training_climatology,brier,144,2,78380,0.1530300217570792,0.5953211547079974,0.15223939459001595,0.1355046909755423,0.1892812553174071,140,2,True
0.2,Q20,30,adaptive_heavytail_recession_logistic,training_climatology,log_loss,144,2,78380,0.372292391616363,0.5234200247135591,0.37661292728820045,0.32602257951918995,0.4803264222482757,137,2,True
0.05,Q5,1,adaptive_heavytail_recession_logistic,persistence,brier,2609,9,1538324,0.0031504284263534745,0.1803844623904044,0.003993507665174223,0.0022706564517450192,0.003989085816339886,2200,9,True
0.05,Q5,1,adaptive_heavytail_recession_logistic,persistence,log_loss,2609,9,1538324,0.18614097841310517,0.7714395940271719,0.19225323598399863,0.16509324706991182,0.21434659882470988,2517,9,True
0.05,Q5,2,adaptive_heavytail_recession_logistic,persistence,brier,2107,9,1155504,0.0051808445827424224,0.18237619532440782,0.007231883167308666,0.0032470389817372517,0.006593787475495145,1751,9,True
0.05,Q5,2,adaptive_heavytail_recession_logistic,persistence,log_loss,2107,9,1155504,0.3067867193165908,0.7816912658845802,0.33958510089704647,0.2731500350645108,0.34893941272903356,2024,9,True
0.05,Q5,3,adaptive_heavytail_recession_logistic,persistence,brier,1624,9,880714,0.006532274075393852,0.1844940107118432,0.009561474592788083,0.0038791290397154283,0.008235831482434917,1324,9,True
0.05,Q5,3,adaptive_heavytail_recession_logistic,persistence,log_loss,1624,9,880714,0.38389263844435545,0.7847999992542671,0.4481017557547782,0.334167647416941,0.43300113678715196,1545,9,True
0.05,Q5,5,adaptive_heavytail_recession_logistic,persistence,brier,956,8,551447,0.00892313011668243,0.19064870881965879,0.012140544789390363,0.004479891530788845,0.011585878974519884,761,8,True
0.05,Q5,5,adaptive_heavytail_recession_logistic,persistence,log_loss,956,8,551447,0.5110756991736719,0.7903754207574508,0.6038801574478102,0.4334073318581673,0.5875105303143972,911,8,True
0.05,Q5,7,adaptive_heavytail_recession_logistic,persistence,brier,653,7,390983,0.011827353356327194,0.21706268052190664,0.01205257249016215,0.006726125012456488,0.015757762251792668,479,6,True
0.05,Q5,7,adaptive_heavytail_recession_logistic,persistence,log_loss,653,7,390983,0.6047176978709461,0.8033076736684236,0.6043860757184962,0.48279942723554925,0.7098666309572546,620,7,True
0.05,Q5,10,adaptive_heavytail_recession_logistic,persistence,brier,402,5,253865,0.01579678650343569,0.23436732079677727,0.026874835737694152,0.0033325313954087675,0.021088558761840123,303,5,True
0.05,Q5,10,adaptive_heavytail_recession_logistic,persistence,log_loss,402,5,253865,0.755629125356658,0.811463058159918,1.0317545896292937,0.5593319856761938,0.86825059478387,380,5,True
0.05,Q5,14,adaptive_heavytail_recession_logistic,persistence,brier,255,3,165714,0.020960585120396582,0.24917283712616978,0.015856963600458917,0.0051858498871829774,0.02818378386100661,195,2,True
0.05,Q5,14,adaptive_heavytail_recession_logistic,persistence,log_loss,255,3,165714,0.9498663172425036,0.8173190715103384,0.9228054553653872,0.66867777814305,1.0807504663351295,245,3,True
0.05,Q5,21,adaptive_heavytail_recession_logistic,persistence,brier,144,2,91336,0.02836051067916544,0.2675971884348534,0.032682352811240885,0.020278024983593827,0.03925663280676703,114,2,True
0.05,Q5,21,adaptive_heavytail_recession_logistic,persistence,log_loss,144,2,91336,1.2038364170055598,0.8221799911228633,1.2654070579696628,0.9978127059022263,1.406447762828216,137,2,True
0.05,Q5,30,adaptive_heavytail_recession_logistic,persistence,brier,102,2,56093,0.04046637233972329,0.29656189749215967,0.048782593246481085,0.02799252745927677,0.06459261094992805,85,2,True
0.05,Q5,30,adaptive_heavytail_recession_logistic,persistence,log_loss,102,2,56093,1.5681469409678335,0.8318400517723868,1.6506271401583588,1.2709382377722613,1.8474653094064777,100,2,True
0.1,Q10,1,adaptive_heavytail_recession_logistic,persistence,brier,3280,9,1924679,0.003930601406270876,0.18663281396282333,0.0051112401312858515,0.002402587486205328,0.0053137205380630785,2839,9,True
0.1,Q10,1,adaptive_heavytail_recession_logistic,persistence,log_loss,3280,9,1924679,0.22575524330897354,0.7758853934236204,0.2352754909643321,0.20253754278545308,0.2528867182401119,3209,9,True
0.1,Q10,2,adaptive_heavytail_recession_logistic,persistence,brier,2763,9,1479167,0.006188617726389455,0.18538655725729966,0.009139410652880904,0.0035146650602016693,0.008846598578675974,2350,9,True
0.1,Q10,2,adaptive_heavytail_recession_logistic,persistence,log_loss,2763,9,1479167,0.3617699486221525,0.7844194483904092,0.40246226905023585,0.3260443591364838,0.41169264703527353,2687,9,True
0.1,Q10,3,adaptive_heavytail_recession_logistic,persistence,brier,2171,9,1125256,0.007839826471060555,0.18611454470399005,0.01296192343799258,0.004428885658088112,0.010514473060192953,1791,9,True
0.1,Q10,3,adaptive_heavytail_recession_logistic,persistence,log_loss,2171,9,1125256,0.45850697967938125,0.7878640657803853,0.5664142089914584,0.414040825990244,0.524944286691865,2099,9,True
0.1,Q10,5,adaptive_heavytail_recession_logistic,persistence,brier,1265,8,696720,0.010269436135548218,0.18697404693601785,0.013456588493832166,0.0047962347423837395,0.014276557212554445,1012,8,True
0.1,Q10,5,adaptive_heavytail_recession_logistic,persistence,log_loss,1265,8,696720,0.6011252240194563,0.792193606603397,0.6985320730158059,0.5292288345057372,0.6977006293667707,1218,8,True
0.1,Q10,7,adaptive_heavytail_recession_logistic,persistence,brier,845,7,487478,0.01573676693932562,0.24389085701709534,0.023422410225087727,0.009621050479762715,0.020732733612595058,670,7,True
0.1,Q10,7,adaptive_heavytail_recession_logistic,persistence,log_loss,845,7,487478,0.7221383322007584,0.8100878938033697,0.9514825209580318,0.6323464834153613,0.8581014321278673,811,7,True
0.1,Q10,10,adaptive_heavytail_recession_logistic,persistence,brier,519,5,317601,0.02072113190325707,0.26746861920959775,0.028554723363458934,0.006878456263273954,0.026089792133635655,413,5,True
0.1,Q10,10,adaptive_heavytail_recession_logistic,persistence,log_loss,519,5,317601,0.8761675161981686,0.8186124136665726,1.2083142952580395,0.6654637812526011,0.9971867489705754,495,5,True
0.1,Q10,14,adaptive_heavytail_recession_logistic,persistence,brier,322,3,203699,0.028694545563889874,0.2974737608469674,0.021793224868693884,0.0037523748112824966,0.036724835674040536,268,2,True
0.1,Q10,14,adaptive_heavytail_recession_logistic,persistence,log_loss,322,3,203699,1.1027002555293024,0.8274441426363368,1.0801881945911467,0.7916467554351987,1.214614766386159,316,3,True
0.1,Q10,21,adaptive_heavytail_recession_logistic,persistence,brier,180,2,111954,0.0402605126509998,0.3225053268433616,0.04699572738940497,0.030129919339526582,0.05844229068685855,158,2,True
0.1,Q10,21,adaptive_heavytail_recession_logistic,persistence,log_loss,180,2,111954,1.443067252693682,0.836712264816966,1.5842464027276484,1.2911788303156435,1.6202014912591312,178,2,True
0.1,Q10,30,adaptive_heavytail_recession_logistic,persistence,brier,129,2,70703,0.052581206237942206,0.3412259256475468,0.06505220170834307,0.03431067743133331,0.10091149190972558,106,2,True
0.1,Q10,30,adaptive_heavytail_recession_logistic,persistence,log_loss,129,2,70703,1.7951497544698936,0.8432263697481311,2.0142886026192137,1.5626853995356014,2.2766684409534497,128,2,True
0.2,Q20,1,adaptive_heavytail_recession_logistic,persistence,brier,3716,9,2172274,0.005296688696639535,0.2170552576561858,0.006497351750234094,0.003600994038773563,0.007463783716010629,3351,9,True
0.2,Q20,1,adaptive_heavytail_recession_logistic,persistence,log_loss,3716,9,2172274,0.2642512210641157,0.7838154137517774,0.272658172968821,0.2392368191291256,0.2981852055622699,3678,9,True
0.2,Q20,2,adaptive_heavytail_recession_logistic,persistence,brier,3164,9,1678411,0.008440564537847221,0.21609842884359248,0.0107667480838663,0.005918250230955192,0.01160331734199964,2792,9,True
0.2,Q20,2,adaptive_heavytail_recession_logistic,persistence,log_loss,3164,9,1678411,0.42750299098548944,0.7922289179147626,0.43984708348868384,0.38763786566012953,0.4803037929812296,3109,9,True
0.2,Q20,3,adaptive_heavytail_recession_logistic,persistence,brier,2527,9,1287298,0.01031514987023583,0.20772633681847427,0.01444738739345596,0.006810440958692506,0.01529299050137743,2175,9,True
0.2,Q20,3,adaptive_heavytail_recession_logistic,persistence,log_loss,2527,9,1287298,0.5451723780923564,0.7946601860203376,0.5800850715206856,0.49875791112385215,0.6283209621840689,2482,9,True
0.2,Q20,5,adaptive_heavytail_recession_logistic,persistence,brier,1521,8,806013,0.01338569164366105,0.205733249241876,0.018836350041426284,0.007457201280314334,0.021353629360833345,1250,8,True
0.2,Q20,5,adaptive_heavytail_recession_logistic,persistence,log_loss,1521,8,806013,0.7181920104785341,0.79898013025825,0.810547403910645,0.6662747740307561,0.8312436356542084,1483,8,True
0.2,Q20,7,adaptive_heavytail_recession_logistic,persistence,brier,1009,7,560538,0.02097615028627492,0.2747955699008981,0.02795711207952659,0.014663444333229525,0.026245919235484985,832,7,True
0.2,Q20,7,adaptive_heavytail_recession_logistic,persistence,log_loss,1009,7,560538,0.8629123287262354,0.8182432418001873,1.0941113947079562,0.8018259388070593,0.9710503173447161,988,7,True
0.2,Q20,10,adaptive_heavytail_recession_logistic,persistence,brier,611,5,364243,0.02781648214712938,0.3012600847575362,0.04628971986585262,0.017319582353662894,0.03593658971088344,512,5,True
0.2,Q20,10,adaptive_heavytail_recession_logistic,persistence,log_loss,611,5,364243,1.0565263595687395,0.8282312420703871,1.600605759333084,0.9087644784453078,1.1468429769782575,596,5,True
0.2,Q20,14,adaptive_heavytail_recession_logistic,persistence,brier,386,3,235904,0.036585665120478846,0.3313645859612718,0.035599724662112975,0.02545579944693546,0.04708358425043471,331,3,True
0.2,Q20,14,adaptive_heavytail_recession_logistic,persistence,log_loss,386,3,235904,1.2774437845875717,0.8374692580830954,1.334658656004209,1.1524077298300077,1.4017300287505048,380,3,True
0.2,Q20,21,adaptive_heavytail_recession_logistic,persistence,brier,211,2,127462,0.05559423891893201,0.3860829820949008,0.06331659273345773,0.04156395387205102,0.08461196871837033,183,2,True
0.2,Q20,21,adaptive_heavytail_recession_logistic,persistence,log_loss,211,2,127462,1.6979522055844356,0.8535094556066946,1.8360245645704216,1.5364396720635742,1.9370549892886262,210,2,True
0.2,Q20,30,adaptive_heavytail_recession_logistic,persistence,brier,144,2,78380,0.08019299887422507,0.4353168379255687,0.10219348336976848,0.05606956331119014,0.14939820644530039,127,2,True
0.2,Q20,30,adaptive_heavytail_recession_logistic,persistence,log_loss,144,2,78380,2.2060888134966765,0.8668102873161032,2.4930144104415635,1.9189893283960469,2.924097393956126,144,2,True
0.05,Q5,1,adaptive_heavytail_recession_logistic,qbin_probability,brier,2609,9,1538324,0.01593101489008726,0.5267206387445287,0.015088745972892871,0.011343022551454378,0.020238700497931337,2415,9,True
0.05,Q5,1,adaptive_heavytail_recession_logistic,qbin_probability,log_loss,2609,9,1538324,0.04302873062336964,0.43827189515161596,0.04179673648359513,0.032279548958221965,0.05277888100464239,2416,9,True
0.05,Q5,2,adaptive_heavytail_recession_logistic,qbin_probability,brier,2107,9,1155504,0.013499161064841288,0.36756638355933324,0.012205875666614283,0.009033279614028642,0.017189975630923046,1817,9,True
0.05,Q5,2,adaptive_heavytail_recession_logistic,qbin_probability,log_loss,2107,9,1155504,0.034864712101193386,0.2892297290249686,0.03215259451331523,0.02478280680773081,0.044554097620574135,1781,9,True
0.05,Q5,3,adaptive_heavytail_recession_logistic,qbin_probability,brier,1624,9,880714,0.012613738677199053,0.3040342039126331,0.010337441511972273,0.007913692296128504,0.016163333227765586,1339,9,True
0.05,Q5,3,adaptive_heavytail_recession_logistic,qbin_probability,log_loss,1624,9,880714,0.03113872658564223,0.2282798707047004,0.02594937718726957,0.019797583160867153,0.03893800612212697,1311,9,True
0.05,Q5,5,adaptive_heavytail_recession_logistic,qbin_probability,brier,956,8,551447,0.011761377723155633,0.2369225490739004,0.010820811596015743,0.007229710172272468,0.01660560336516363,734,8,True
0.05,Q5,5,adaptive_heavytail_recession_logistic,qbin_probability,log_loss,956,8,551447,0.027829855217972217,0.17034014542489634,0.02307768717624803,0.01615614421305173,0.0397973952305773,707,8,True
0.05,Q5,7,adaptive_heavytail_recession_logistic,qbin_probability,brier,653,7,390983,0.0124269345179098,0.2255842530417574,0.01864345222238744,0.007901918811859724,0.022533323667184094,488,7,True
0.05,Q5,7,adaptive_heavytail_recession_logistic,qbin_probability,log_loss,653,7,390983,0.03363471414961474,0.18510953749013656,0.04662270427675771,0.021574653764090963,0.0576049682065308,475,7,True
0.05,Q5,10,adaptive_heavytail_recession_logistic,qbin_probability,brier,402,5,253865,0.012363212283631703,0.19327105259541053,0.01885160051281979,0.00802717763476586,0.025935578832534514,310,5,True
0.05,Q5,10,adaptive_heavytail_recession_logistic,qbin_probability,log_loss,402,5,253865,0.03384234938369201,0.16161061455605283,0.0414288727178778,0.020060916527748378,0.0638124846772924,296,5,True
0.05,Q5,14,adaptive_heavytail_recession_logistic,qbin_probability,brier,255,3,165714,0.011491479237338141,0.15393488294150384,0.013404716331494452,0.005981010009506111,0.018065995414711638,185,3,True
0.05,Q5,14,adaptive_heavytail_recession_logistic,qbin_probability,log_loss,255,3,165714,0.03289372124681799,0.13415024794672212,0.03517799126457687,0.017801780204971137,0.048109185748133776,181,3,True
0.05,Q5,21,adaptive_heavytail_recession_logistic,qbin_probability,brier,144,2,91336,0.015373920017355321,0.16531895930394555,0.0179440575581506,0.006498021531553511,0.021247901312378734,105,2,True
0.05,Q5,21,adaptive_heavytail_recession_logistic,qbin_probability,log_loss,144,2,91336,0.04463403524088614,0.14634196532424332,0.053683987182165466,0.024119734015415225,0.06234821072188203,102,2,True
0.05,Q5,30,adaptive_heavytail_recession_logistic,qbin_probability,brier,102,2,56093,0.01764311344191674,0.15527023603626616,0.01738912221326451,0.001969649739297983,0.02548037111123067,74,2,True
0.05,Q5,30,adaptive_heavytail_recession_logistic,qbin_probability,log_loss,102,2,56093,0.04725456505073896,0.12972684713837862,0.048344510857986495,0.0045262494741060855,0.06821329710244738,72,2,True
0.1,Q10,1,adaptive_heavytail_recession_logistic,qbin_probability,brier,3280,9,1924679,0.010255686011855987,0.37449059298645276,0.010524845073382489,0.009107448071612692,0.011426492896720543,2977,9,True
0.1,Q10,1,adaptive_heavytail_recession_logistic,qbin_probability,log_loss,3280,9,1924679,0.026893614324685997,0.29199483345126126,0.02879890509514702,0.023600520395910932,0.030038731558386638,2972,9,True
0.1,Q10,2,adaptive_heavytail_recession_logistic,qbin_probability,brier,2763,9,1479167,0.007163731541669705,0.20850652536541886,0.007962319039154378,0.005490267853105057,0.008585805674805234,2368,9,True
0.1,Q10,2,adaptive_heavytail_recession_logistic,qbin_probability,log_loss,2763,9,1479167,0.017742942828979955,0.15143227543997106,0.020889744954833166,0.012281484529461926,0.02167001346540077,2274,9,True
0.1,Q10,3,adaptive_heavytail_recession_logistic,qbin_probability,brier,2171,9,1125256,0.0055326944035383515,0.1389547052801355,0.006681815456315781,0.0035769263370820223,0.006988775170421294,1729,9,True
0.1,Q10,3,adaptive_heavytail_recession_logistic,qbin_probability,log_loss,2171,9,1125256,0.0126292112051719,0.092804340864191,0.015925150199959447,0.007104423722868903,0.01707507934666229,1645,9,True
0.1,Q10,5,adaptive_heavytail_recession_logistic,qbin_probability,brier,1265,8,696720,0.003927222785099644,0.08083669299800932,0.0022920733588710817,-8.239881590055216e-05,0.0055588826892906335,927,7,True
0.1,Q10,5,adaptive_heavytail_recession_logistic,qbin_probability,log_loss,1265,8,696720,0.007814215755748033,0.04721580709641182,0.00726583108073827,-0.0039319774397228256,0.013270763345716696,855,6,True
0.1,Q10,7,adaptive_heavytail_recession_logistic,qbin_probability,brier,845,7,487478,0.006169247014257291,0.11225734452887547,0.0075472554187255,0.003912865074359861,0.008973686720111108,602,7,True
0.1,Q10,7,adaptive_heavytail_recession_logistic,qbin_probability,log_loss,845,7,487478,0.017267536678569048,0.09255691596894855,0.028201149682563376,0.009967864366048343,0.026787977214805546,568,7,True
0.1,Q10,10,adaptive_heavytail_recession_logistic,qbin_probability,brier,519,5,317601,0.007446106109133176,0.11598975833694977,0.009875187718466667,0.005060377635399587,0.012478113305188675,382,4,True
0.1,Q10,10,adaptive_heavytail_recession_logistic,qbin_probability,log_loss,519,5,317601,0.021698947203304227,0.10053276504911367,0.03759171546447999,0.012785604317450789,0.03877585005740491,379,4,True
0.1,Q10,14,adaptive_heavytail_recession_logistic,qbin_probability,brier,322,3,203699,0.008695985877418152,0.11372921058785652,0.009717358316443851,0.005646365031956638,0.011999956699758237,241,3,True
0.1,Q10,14,adaptive_heavytail_recession_logistic,qbin_probability,log_loss,322,3,203699,0.024332557921921256,0.09568801738129469,0.026151729572758253,0.013830506713855292,0.036662165720890025,236,3,True
0.1,Q10,21,adaptive_heavytail_recession_logistic,qbin_probability,brier,180,2,111954,0.01162008996663793,0.12079558406956249,0.011724939783684163,0.005978056703935307,0.016049552825913596,130,2,True
0.1,Q10,21,adaptive_heavytail_recession_logistic,qbin_probability,log_loss,180,2,111954,0.037402303932197685,0.117240283463851,0.040001424758512386,0.016541508892822868,0.05149436225452435,132,2,True
0.1,Q10,30,adaptive_heavytail_recession_logistic,qbin_probability,brier,129,2,70703,0.013857890409000952,0.12011518671413499,0.014018528058951839,0.004568732859443858,0.01882995482956088,95,2,True
0.1,Q10,30,adaptive_heavytail_recession_logistic,qbin_probability,log_loss,129,2,70703,0.04168918619026034,0.11103924188981541,0.04347274828529417,0.01390410248290496,0.056540750795855056,93,2,True
0.2,Q20,1,adaptive_heavytail_recession_logistic,qbin_probability,brier,3716,9,2172274,0.008663559534733958,0.3119826800577384,0.008961430787980347,0.007569075020249458,0.00954287647747367,3363,9,True
0.2,Q20,1,adaptive_heavytail_recession_logistic,qbin_probability,log_loss,3716,9,2172274,0.022363308756615952,0.23479379432864325,0.024173579399508174,0.0190012992238748,0.025397123962447612,3321,9,True
0.2,Q20,2,adaptive_heavytail_recession_logistic,qbin_probability,brier,3164,9,1678411,0.005241741909368418,0.14617211970796423,0.0064003417540629045,0.0035759549654744266,0.006653837962644104,2658,9,True
0.2,Q20,2,adaptive_heavytail_recession_logistic,qbin_probability,log_loss,3164,9,1678411,0.012324711571666244,0.09903960440447776,0.01693008377286604,0.007163343219008886,0.01665037356652043,2565,9,True
0.2,Q20,3,adaptive_heavytail_recession_logistic,qbin_probability,brier,2527,9,1287298,0.003058821036830373,0.07214018248976305,0.005021960015003188,0.0008487024360251538,0.004710692422101085,1992,9,True
0.2,Q20,3,adaptive_heavytail_recession_logistic,qbin_probability,log_loss,2527,9,1287298,0.006033934199314857,0.04107337531163518,0.012648122968001198,-0.0003089422987582709,0.010716962261894931,1849,8,True
0.2,Q20,5,adaptive_heavytail_recession_logistic,qbin_probability,brier,1521,8,806013,0.0007970610817734795,0.015189433959112486,0.006464355572822201,-0.002824635049627124,0.0027986566378347053,1072,6,True
0.2,Q20,5,adaptive_heavytail_recession_logistic,qbin_probability,log_loss,1521,8,806013,-0.00036058016172239643,-0.001999520057518249,0.01516818989222544,-0.009424365914480743,0.004787443648703683,972,4,True
0.2,Q20,7,adaptive_heavytail_recession_logistic,qbin_probability,brier,1009,7,560538,0.004430950767736949,0.07411047360952672,0.008231456373946745,0.0029892589028187684,0.00676728759443944,711,7,True
0.2,Q20,7,adaptive_heavytail_recession_logistic,qbin_probability,log_loss,1009,7,560538,0.012767594104498556,0.06244949416575492,0.024286990578126222,0.0077418293094682605,0.020475256235278263,689,7,True
0.2,Q20,10,adaptive_heavytail_recession_logistic,qbin_probability,brier,611,5,364243,0.005605762024836508,0.07994177805044057,0.012500048530458755,0.0034477430300794048,0.008583787192396539,450,5,True
0.2,Q20,10,adaptive_heavytail_recession_logistic,qbin_probability,log_loss,611,5,364243,0.016483716592633643,0.0699651033500661,0.05191147956038963,0.011296716851268587,0.030580688770184734,432,5,True
0.2,Q20,14,adaptive_heavytail_recession_logistic,qbin_probability,brier,386,3,235904,0.005873336723332547,0.07369604484400544,0.0061489018632543335,0.0020535491767661837,0.008364646921916094,278,3,True
0.2,Q20,14,adaptive_heavytail_recession_logistic,qbin_probability,log_loss,386,3,235904,0.018906489679617316,0.07085734243416786,0.018861683037578056,0.008261489405413679,0.026697771043443626,275,3,True
0.2,Q20,21,adaptive_heavytail_recession_logistic,qbin_probability,brier,211,2,127462,0.009788639875434475,0.0996908321708867,0.011530512783243093,0.0051637956448744105,0.01685690287497594,155,2,True
0.2,Q20,21,adaptive_heavytail_recession_logistic,qbin_probability,log_loss,211,2,127462,0.033498263775726934,0.10309594162065035,0.036625660039928384,0.018629717823516655,0.04703113229009275,153,2,True
0.2,Q20,30,adaptive_heavytail_recession_logistic,qbin_probability,brier,144,2,78380,0.010721420790583705,0.0934361454637412,0.01209758917003717,0.005141148526024369,0.017840817490542966,104,2,True
0.2,Q20,30,adaptive_heavytail_recession_logistic,qbin_probability,log_loss,144,2,78380,0.03914210576337671,0.10351805764933833,0.04435698053278512,0.02129448150271783,0.05684320584880364,104,2,True
0.05,Q5,1,adaptive_heavytail_recession_logistic,regularized_power_state_empirical,brier,2609,9,1538324,0.0,0.0,0.0,0.0,0.0,0,0,True
0.05,Q5,1,adaptive_heavytail_recession_logistic,regularized_power_state_empirical,log_loss,2609,9,1538324,0.0,0.0,0.0,0.0,0.0,0,0,True
0.05,Q5,2,adaptive_heavytail_recession_logistic,regularized_power_state_empirical,brier,2107,9,1155504,0.0,0.0,0.0,0.0,0.0,0,0,True
0.05,Q5,2,adaptive_heavytail_recession_logistic,regularized_power_state_empirical,log_loss,2107,9,1155504,0.0,0.0,0.0,0.0,0.0,0,0,True
0.05,Q5,3,adaptive_heavytail_recession_logistic,regularized_power_state_empirical,brier,1624,9,880714,0.0,0.0,0.0,0.0,0.0,0,0,True
0.05,Q5,3,adaptive_heavytail_recession_logistic,regularized_power_state_empirical,log_loss,1624,9,880714,0.0,0.0,0.0,0.0,0.0,0,0,True
0.05,Q5,5,adaptive_heavytail_recession_logistic,regularized_power_state_empirical,brier,956,8,551447,0.0,0.0,0.0,0.0,0.0,0,0,True
0.05,Q5,5,adaptive_heavytail_recession_logistic,regularized_power_state_empirical,log_loss,956,8,551447,0.0,0.0,0.0,0.0,0.0,0,0,True
0.05,Q5,7,adaptive_heavytail_recession_logistic,regularized_power_state_empirical,brier,653,7,390983,0.0024544919643177143,0.05440482968906187,0.005427102370499362,0.0008738100168653978,0.005814038158252878,370,7,True
0.05,Q5,7,adaptive_heavytail_recession_logistic,regularized_power_state_empirical,log_loss,653,7,390983,0.010767391265914776,0.06779006372945365,0.019835445779453082,0.006075901398453789,0.021636759920450117,405,7,True
0.05,Q5,10,adaptive_heavytail_recession_logistic,regularized_power_state_empirical,brier,402,5,253865,0.003820146924962409,0.0689243796939427,0.01836820605764384,7.227726316343271e-05,0.00647671342562518,234,5,True
0.05,Q5,10,adaptive_heavytail_recession_logistic,regularized_power_state_empirical,log_loss,402,5,253865,0.016392077890904935,0.08539477398715128,0.06624933252520414,0.007382392831157193,0.02447342455586617,252,5,True
0.05,Q5,14,adaptive_heavytail_recession_logistic,regularized_power_state_empirical,brier,255,3,165714,0.007747922302008055,0.10926724636353359,0.005859843507533127,0.002916845119022473,0.011651071744394092,173,3,True
0.05,Q5,14,adaptive_heavytail_recession_logistic,regularized_power_state_empirical,log_loss,255,3,165714,0.028188161105637318,0.11720890857881033,0.02429714780126166,0.017839071802625863,0.038365868768413476,187,3,True
0.05,Q5,21,adaptive_heavytail_recession_logistic,regularized_power_state_empirical,brier,144,2,91336,0.009442333104013672,0.10845288576521026,0.012070034492159949,0.005136997275496863,0.016920796841489245,103,2,True
0.05,Q5,21,adaptive_heavytail_recession_logistic,regularized_power_state_empirical,log_loss,144,2,91336,0.03467917053229385,0.11753924593639968,0.04472378280114983,0.020806643020273113,0.06545936329398493,106,2,True
0.05,Q5,30,adaptive_heavytail_recession_logistic,regularized_power_state_empirical,brier,102,2,56093,0.013177116890791643,0.12071109304577746,0.014696854655085592,0.008115076123478419,0.019878473692522373,77,2,True
0.05,Q5,30,adaptive_heavytail_recession_logistic,regularized_power_state_empirical,log_loss,102,2,56093,0.0419492385518152,0.1168643399396104,0.04700875120571988,0.028036141745154588,0.056092663702011276,80,2,True
0.1,Q10,1,adaptive_heavytail_recession_logistic,regularized_power_state_empirical,brier,3280,9,1924679,0.0,0.0,0.0,0.0,0.0,0,0,True
0.1,Q10,1,adaptive_heavytail_recession_logistic,regularized_power_state_empirical,log_loss,3280,9,1924679,0.0,0.0,0.0,0.0,0.0,0,0,True
0.1,Q10,2,adaptive_heavytail_recession_logistic,regularized_power_state_empirical,brier,2763,9,1479167,0.0,0.0,0.0,0.0,0.0,0,0,True
0.1,Q10,2,adaptive_heavytail_recession_logistic,regularized_power_state_empirical,log_loss,2763,9,1479167,0.0,0.0,0.0,0.0,0.0,0,0,True
0.1,Q10,3,adaptive_heavytail_recession_logistic,regularized_power_state_empirical,brier,2171,9,1125256,0.0,0.0,0.0,0.0,0.0,0,0,True
0.1,Q10,3,adaptive_heavytail_recession_logistic,regularized_power_state_empirical,log_loss,2171,9,1125256,0.0,0.0,0.0,0.0,0.0,0,0,True
0.1,Q10,5,adaptive_heavytail_recession_logistic,regularized_power_state_empirical,brier,1265,8,696720,0.0,0.0,0.0,0.0,0.0,0,0,True
0.1,Q10,5,adaptive_heavytail_recession_logistic,regularized_power_state_empirical,log_loss,1265,8,696720,0.0,0.0,0.0,0.0,0.0,0,0,True
0.1,Q10,7,adaptive_heavytail_recession_logistic,regularized_power_state_empirical,brier,845,7,487478,0.004425979389412782,0.08317474398328586,0.009252458114655039,0.0021939575345592214,0.008637729267206998,514,7,True
0.1,Q10,7,adaptive_heavytail_recession_logistic,regularized_power_state_empirical,log_loss,845,7,487478,0.015149172613640894,0.08213474922618966,0.03337701992874946,0.008150903266663978,0.030485815588134343,548,7,True
0.1,Q10,10,adaptive_heavytail_recession_logistic,regularized_power_state_empirical,brier,519,5,317601,0.006106348824687589,0.09714748223453692,0.015380879626422445,0.0038242526996678503,0.009550128976535352,334,5,True
0.1,Q10,10,adaptive_heavytail_recession_logistic,regularized_power_state_empirical,log_loss,519,5,317601,0.021471905198386577,0.09958561758451102,0.06104569069520863,0.015418884739148453,0.036081779502729894,361,5,True
0.1,Q10,14,adaptive_heavytail_recession_logistic,regularized_power_state_empirical,brier,322,3,203699,0.00908786867137182,0.11824834934177758,0.005610579585242915,0.002958637999399042,0.01264808606049087,234,2,True
0.1,Q10,14,adaptive_heavytail_recession_logistic,regularized_power_state_empirical,log_loss,322,3,203699,0.02988072564288072,0.1149972055041541,0.022137026821581193,0.014675480748010365,0.040804435467968976,247,2,True
0.1,Q10,21,adaptive_heavytail_recession_logistic,regularized_power_state_empirical,brier,180,2,111954,0.012128808436887116,0.1254206538603566,0.014809042959191911,0.0077089598744720985,0.02067161239699,142,2,True
0.1,Q10,21,adaptive_heavytail_recession_logistic,regularized_power_state_empirical,log_loss,180,2,111954,0.0390268082127432,0.12171263568900222,0.049672597702302826,0.023725104068668647,0.06651537883771003,148,2,True
0.1,Q10,30,adaptive_heavytail_recession_logistic,regularized_power_state_empirical,brier,129,2,70703,0.01610321279340667,0.1369122916687257,0.02128356480871515,0.010797439718245927,0.030798179974621403,109,2,True
0.1,Q10,30,adaptive_heavytail_recession_logistic,regularized_power_state_empirical,log_loss,129,2,70703,0.048005154759123,0.1257464565733406,0.06541911234125754,0.028753534420444253,0.09227720547365488,110,2,True
0.2,Q20,1,adaptive_heavytail_recession_logistic,regularized_power_state_empirical,brier,3716,9,2172274,0.0,0.0,0.0,0.0,0.0,0,0,True
0.2,Q20,1,adaptive_heavytail_recession_logistic,regularized_power_state_empirical,log_loss,3716,9,2172274,0.0,0.0,0.0,0.0,0.0,0,0,True
0.2,Q20,2,adaptive_heavytail_recession_logistic,regularized_power_state_empirical,brier,3164,9,1678411,0.0,0.0,0.0,0.0,0.0,0,0,True
0.2,Q20,2,adaptive_heavytail_recession_logistic,regularized_power_state_empirical,log_loss,3164,9,1678411,0.0,0.0,0.0,0.0,0.0,0,0,True
0.2,Q20,3,adaptive_heavytail_recession_logistic,regularized_power_state_empirical,brier,2527,9,1287298,0.0,0.0,0.0,0.0,0.0,0,0,True
0.2,Q20,3,adaptive_heavytail_recession_logistic,regularized_power_state_empirical,log_loss,2527,9,1287298,0.0,0.0,0.0,0.0,0.0,0,0,True
0.2,Q20,5,adaptive_heavytail_recession_logistic,regularized_power_state_empirical,brier,1521,8,806013,0.0,0.0,0.0,0.0,0.0,0,0,True
0.2,Q20,5,adaptive_heavytail_recession_logistic,regularized_power_state_empirical,log_loss,1521,8,806013,0.0,0.0,0.0,0.0,0.0,0,0,True
0.2,Q20,7,adaptive_heavytail_recession_logistic,regularized_power_state_empirical,brier,1009,7,560538,0.005483684752725209,0.09013112304038655,0.012159497245255238,0.0033490430819975736,0.01014738134924054,641,7,True
0.2,Q20,7,adaptive_heavytail_recession_logistic,regularized_power_state_empirical,log_loss,1009,7,560538,0.017657559089278296,0.0843500473134116,0.03645205492441865,0.011208642256797513,0.03162048200863625,687,7,True
0.2,Q20,10,adaptive_heavytail_recession_logistic,regularized_power_state_empirical,brier,611,5,364243,0.007777551754654231,0.1075809948173718,0.01596362491105452,0.005596381181400128,0.01160699059672556,427,5,True
0.2,Q20,10,adaptive_heavytail_recession_logistic,regularized_power_state_empirical,log_loss,611,5,364243,0.02543840914186992,0.10401968039361457,0.0535636483616179,0.01967871641207765,0.03813010676975291,457,5,True
0.2,Q20,14,adaptive_heavytail_recession_logistic,regularized_power_state_empirical,brier,386,3,235904,0.010748667283379816,0.12709471839737907,0.009167137831593673,0.004412135935379865,0.014909010818927917,286,3,True
0.2,Q20,14,adaptive_heavytail_recession_logistic,regularized_power_state_empirical,log_loss,386,3,235904,0.034271777409498314,0.12144930001421779,0.032200383779516194,0.02170045780706524,0.04317350497236392,312,3,True
0.2,Q20,21,adaptive_heavytail_recession_logistic,regularized_power_state_empirical,brier,211,2,127462,0.014743497489451843,0.1429397649035119,0.01628587935772763,0.008493658108819413,0.02229544893935645,169,2,True
0.2,Q20,21,adaptive_heavytail_recession_logistic,regularized_power_state_empirical,log_loss,211,2,127462,0.04423976386595034,0.13179748478974312,0.05060079382063358,0.027067561527753893,0.0663520557395034,176,2,True
0.2,Q20,30,adaptive_heavytail_recession_logistic,regularized_power_state_empirical,brier,144,2,78380,0.016635115330475153,0.13786807642658813,0.019406826729117907,0.009589410547691484,0.02485543463255572,113,2,True
0.2,Q20,30,adaptive_heavytail_recession_logistic,regularized_power_state_empirical,log_loss,144,2,78380,0.04924621933727286,0.12685042443354652,0.062414180211011486,0.03139150497864408,0.07751947925409204,117,2,True
0.05,Q5,1,regularized_power_state_empirical,regularized_power_gaussian,brier,2609,9,1538324,0.007960112076157249,0.35736017087822464,0.005419744811779754,0.005154003919974777,0.011563490722165226,1971,9,True
0.05,Q5,1,regularized_power_state_empirical,regularized_power_gaussian,log_loss,2609,9,1538324,0.028786655777929743,0.34295921550703934,0.019623266426177663,0.019951234983446864,0.039971805381006836,1889,9,True
0.05,Q5,1,regularized_power_state_empirical,regularized_power_gaussian,crps,2609,9,1538324,0.03563737520024976,0.23801040788890593,0.020153653897201692,0.013208825248019583,0.0737149211701062,2387,9,True
0.05,Q5,1,regularized_power_state_empirical,regularized_power_gaussian,interval_coverage_abs_error,2609,9,1538324,0.021323726341134882,0.38198400462068016,0.01231529185973778,0.015259503292540904,0.025836344293250223,1884,8,True
0.05,Q5,1,regularized_power_state_empirical,regularized_power_gaussian,median_mae,2609,9,1538324,0.00582484044578504,0.03986416034079139,0.004516486534882855,0.0024496512608173614,0.017195823000879018,1745,9,True
0.05,Q5,2,regularized_power_state_empirical,regularized_power_gaussian,brier,2107,9,1155504,0.012820203832197593,0.35565422654067824,0.008326753890818012,0.009092718521017493,0.017521746251928184,1587,9,True
0.05,Q5,2,regularized_power_state_empirical,regularized_power_gaussian,log_loss,2107,9,1155504,0.0444066850947073,0.34136591226409163,0.029204726249035324,0.032804410332187416,0.05787693768117915,1480,9,True
0.05,Q5,2,regularized_power_state_empirical,regularized_power_gaussian,crps,2107,9,1155504,0.06482203825800738,0.266191476901155,0.034236096469712346,0.025093337715988876,0.12313304079442344,1863,9,True
0.05,Q5,2,regularized_power_state_empirical,regularized_power_gaussian,interval_coverage_abs_error,2107,9,1155504,0.018146194214818796,0.3201436432371027,0.007801110644415077,0.010146793467821713,0.02326249630064351,1378,5,True
0.05,Q5,2,regularized_power_state_empirical,regularized_power_gaussian,median_mae,2107,9,1155504,0.011773436535654514,0.050361897201234664,0.008389283917416158,0.005080944332566074,0.032079982667672084,1443,9,True
0.05,Q5,3,regularized_power_state_empirical,regularized_power_gaussian,brier,1624,9,880714,0.014670703283502133,0.33691011788904424,0.010553053188172533,0.01065894950513658,0.020398529117986973,1225,8,True
0.05,Q5,3,regularized_power_state_empirical,regularized_power_gaussian,log_loss,1624,9,880714,0.04949333270977733,0.31980591447952544,0.036136871586871025,0.03670114500390668,0.06567489539013553,1148,8,True
0.05,Q5,3,regularized_power_state_empirical,regularized_power_gaussian,crps,1624,9,880714,0.0704437051791087,0.25251010433783905,0.03550066832788365,0.029951194087911942,0.12863065022901657,1379,9,True
0.05,Q5,3,regularized_power_state_empirical,regularized_power_gaussian,interval_coverage_abs_error,1624,9,880714,0.01606151372636291,0.2811240510354145,0.0022284395332049724,0.004481213504647779,0.021701692189083778,1024,6,True
0.05,Q5,3,regularized_power_state_empirical,regularized_power_gaussian,median_mae,1624,9,880714,0.01504743968618067,0.05459267833951537,0.009588509162944625,0.006625354735236861,0.03433517341130131,1096,9,True
0.05,Q5,5,regularized_power_state_empirical,regularized_power_gaussian,brier,956,8,551447,0.01651958380899377,0.30366605471876046,0.014597727931175962,0.012540184753131246,0.023052015181833734,713,8,True
0.05,Q5,5,regularized_power_state_empirical,regularized_power_gaussian,log_loss,956,8,551447,0.05451069020493957,0.2868093534598629,0.04699159114337423,0.04289875830734888,0.07392207040870186,658,7,True
0.05,Q5,5,regularized_power_state_empirical,regularized_power_gaussian,crps,956,8,551447,0.12230852876045978,0.2613684317369925,0.05414299625313891,0.039376594290420945,0.23813559433656253,783,7,True
0.05,Q5,5,regularized_power_state_empirical,regularized_power_gaussian,interval_coverage_abs_error,956,8,551447,0.013869329237442564,0.23770998772319668,-0.010233231525330457,0.002471784663496848,0.018923352722155045,593,4,True
0.05,Q5,5,regularized_power_state_empirical,regularized_power_gaussian,median_mae,956,8,551447,0.027921898301269767,0.05953241238701143,0.010083434702155546,0.002336271295351778,0.06294880083110843,622,5,True
0.05,Q5,7,regularized_power_state_empirical,regularized_power_gaussian,brier,653,7,390983,0.01594386920834578,0.2611214827980421,0.021391325251591823,0.012148607442345156,0.023096423794933648,479,7,True
0.05,Q5,7,regularized_power_state_empirical,regularized_power_gaussian,log_loss,653,7,390983,0.052380739201800156,0.24799713582071498,0.06406348457670318,0.04117095358084904,0.07064849791077701,458,7,True
0.05,Q5,7,regularized_power_state_empirical,regularized_power_gaussian,crps,653,7,390983,0.08428928699003851,0.16503680611911092,0.050395546724344084,0.03811286014833792,0.16520419825715893,542,6,True
0.05,Q5,7,regularized_power_state_empirical,regularized_power_gaussian,interval_coverage_abs_error,653,7,390983,0.009540056728809164,0.1619549218230998,-0.01267541577452609,-0.002658549018127841,0.015794050133545307,393,3,True
0.05,Q5,7,regularized_power_state_empirical,regularized_power_gaussian,median_mae,653,7,390983,0.03434743327423245,0.0591848078777248,-0.004671308933508109,0.0050657301597501585,0.10357490243395497,439,4,True
0.05,Q5,10,regularized_power_state_empirical,regularized_power_gaussian,brier,402,5,253865,0.014017939328492844,0.20186214555285656,0.01728409977297333,0.010159791237009254,0.019674872906719595,286,5,True
0.05,Q5,10,regularized_power_state_empirical,regularized_power_gaussian,log_loss,402,5,253865,0.04601433433547607,0.19336127309999068,0.029058067103335472,0.03230256372378265,0.0592415111041899,274,4,True
0.05,Q5,10,regularized_power_state_empirical,regularized_power_gaussian,crps,402,5,253865,0.08229904364835255,0.1874345387714213,0.10498744112331684,0.026747898901615278,0.2495695082423202,305,4,True
0.05,Q5,10,regularized_power_state_empirical,regularized_power_gaussian,interval_coverage_abs_error,402,5,253865,0.006298623284028895,0.10181924695783931,-0.036421800829721886,-0.009272738807989372,0.013755367838059949,237,3,True
0.05,Q5,10,regularized_power_state_empirical,regularized_power_gaussian,median_mae,402,5,253865,0.04092688382128189,0.0836289340938242,0.031188558296905623,0.0036817226444742952,0.16208802659763963,261,3,True
0.05,Q5,14,regularized_power_state_empirical,regularized_power_gaussian,brier,255,3,165714,0.011554763289941082,0.14012097485006386,0.009947771442383492,0.00510152669408255,0.015950366176512396,180,3,True
0.05,Q5,14,regularized_power_state_empirical,regularized_power_gaussian,log_loss,255,3,165714,0.037272038846850916,0.1341845083312506,0.030456592102249384,0.01779709155279757,0.049873277263431104,177,3,True
0.05,Q5,14,regularized_power_state_empirical,regularized_power_gaussian,crps,255,3,165714,0.08586949449152717,0.18374087427170813,0.3678164885111586,0.017418572152422818,0.30676757510394154,194,3,True
0.05,Q5,14,regularized_power_state_empirical,regularized_power_gaussian,interval_coverage_abs_error,255,3,165714,-0.005602423452454244,-0.08998565502268085,-0.009342246534150049,-0.01754759165594131,0.004912296976331808,130,0,True
0.05,Q5,14,regularized_power_state_empirical,regularized_power_gaussian,median_mae,255,3,165714,0.042452781612919814,0.08143589799493414,0.19146412685101719,-0.006591617461813718,0.165770702286972,183,3,True
0.05,Q5,21,regularized_power_state_empirical,regularized_power_gaussian,brier,144,2,91336,0.012919109830248689,0.12921302914226387,0.011265981263409795,0.008632512092874902,0.019119298349432857,104,2,True
0.05,Q5,21,regularized_power_state_empirical,regularized_power_gaussian,log_loss,144,2,91336,0.0354661203793086,0.1073074320070358,0.025482856717194073,0.01681882127567157,0.05714142308889765,103,2,True
0.05,Q5,21,regularized_power_state_empirical,regularized_power_gaussian,crps,144,2,91336,0.10586127629603985,0.1899504853606178,0.081487024532244,0.01057231434005175,0.2929376797586708,101,2,True
0.05,Q5,21,regularized_power_state_empirical,regularized_power_gaussian,interval_coverage_abs_error,144,2,91336,-0.020489182797582575,-0.3048279906176704,-0.025656000522155296,-0.03488412898892554,-0.003800552347428557,58,0,True
0.05,Q5,21,regularized_power_state_empirical,regularized_power_gaussian,median_mae,144,2,91336,0.05169994905973476,0.0853629367143364,0.03705571438617448,-0.0088550518269659,0.17366805240814065,91,2,True
0.05,Q5,30,regularized_power_state_empirical,regularized_power_gaussian,brier,102,2,56093,0.011714634562954246,0.09691362117948776,0.01210048680135949,0.0046462662854701445,0.026479921751662458,71,2,True
0.05,Q5,30,regularized_power_state_empirical,regularized_power_gaussian,log_loss,102,2,56093,0.029339987209766327,0.07556074439500562,0.02841786429534622,0.003116932049319349,0.08942034449547934,62,2,True
0.05,Q5,30,regularized_power_state_empirical,regularized_power_gaussian,crps,102,2,56093,0.11393490023047848,0.18065844570725612,0.09289036585486413,0.011089746773754731,0.36095284429493363,71,2,True
0.05,Q5,30,regularized_power_state_empirical,regularized_power_gaussian,interval_coverage_abs_error,102,2,56093,-0.022819246608311233,-0.29838916474345567,-0.03249612358529067,-0.045750994823825095,-0.006048346456620311,43,0,True
0.05,Q5,30,regularized_power_state_empirical,regularized_power_gaussian,median_mae,102,2,56093,0.04963263697415602,0.0742329303132393,0.034132546049387105,-0.006505700457378442,0.1449760886785883,73,2,True
0.1,Q10,1,regularized_power_state_empirical,regularized_power_gaussian,brier,3280,9,1924679,0.009526906077872037,0.35738963946965047,0.006491831780617952,0.006563716065255117,0.012850750587260418,2617,9,True
0.1,Q10,1,regularized_power_state_empirical,regularized_power_gaussian,log_loss,3280,9,1924679,0.03334712736789821,0.33835522288297015,0.022552675118293678,0.023513386415333848,0.04383956567134778,2540,9,True
0.1,Q10,1,regularized_power_state_empirical,regularized_power_gaussian,crps,3280,9,1924679,0.11333391672725784,0.46038433965707565,0.06830630814968848,0.016556277496718973,0.3518842981798837,3010,9,True
0.1,Q10,1,regularized_power_state_empirical,regularized_power_gaussian,interval_coverage_abs_error,3280,9,1924679,0.021790023167499603,0.38358179059347114,0.013821152363233582,0.01603587555039133,0.025556002444368175,2390,8,True
0.1,Q10,1,regularized_power_state_empirical,regularized_power_gaussian,median_mae,3280,9,1924679,-0.0008099923040205878,-0.004852844135035983,0.00022911992153558332,-0.029252695624826745,0.011537551131024637,2232,8,True
0.1,Q10,2,regularized_power_state_empirical,regularized_power_gaussian,brier,2763,9,1479167,0.014520634315671016,0.348097677965279,0.009244451797337107,0.01027332975981694,0.0180877552568368,2181,9,True
0.1,Q10,2,regularized_power_state_empirical,regularized_power_gaussian,log_loss,2763,9,1479167,0.048679185916046655,0.3286829976030579,0.030957509588044045,0.03721892822140189,0.060984708608756086,2077,9,True
0.1,Q10,2,regularized_power_state_empirical,regularized_power_gaussian,crps,2763,9,1479167,0.1398070848669833,0.3823203754143511,0.07114928471847706,0.034857544729276387,0.39821019723866646,2457,9,True
0.1,Q10,2,regularized_power_state_empirical,regularized_power_gaussian,interval_coverage_abs_error,2763,9,1479167,0.019135770335601033,0.332176592845734,0.007612280926774442,0.010881970408917141,0.02412339948172182,1846,6,True
0.1,Q10,2,regularized_power_state_empirical,regularized_power_gaussian,median_mae,2763,9,1479167,-0.004243249597658312,-0.01466406265350568,-0.0014018904462793419,-0.07331715384518853,0.01982919627492588,1896,8,True
0.1,Q10,3,regularized_power_state_empirical,regularized_power_gaussian,brier,2171,9,1125256,0.016264340481457345,0.3217591860333262,0.010509378800748972,0.012528724962487437,0.019855905246557632,1709,8,True
0.1,Q10,3,regularized_power_state_empirical,regularized_power_gaussian,log_loss,2171,9,1125256,0.05332822533916966,0.30165875052229596,0.0343375815382375,0.041936598536916656,0.06410794162816925,1603,8,True
0.1,Q10,3,regularized_power_state_empirical,regularized_power_gaussian,crps,2171,9,1125256,0.12115952085330757,0.3050360189736599,0.04929491206604559,0.0342449366309349,0.21242310539192097,1836,9,True
0.1,Q10,3,regularized_power_state_empirical,regularized_power_gaussian,interval_coverage_abs_error,2171,9,1125256,0.017009462735590813,0.2913641138055439,0.0026213455906492662,0.007781831292981006,0.022944820545509243,1385,6,True
0.1,Q10,3,regularized_power_state_empirical,regularized_power_gaussian,median_mae,2171,9,1125256,0.016420995138413365,0.04491317392453245,0.0089162573002868,0.0065572304636640245,0.03166380252488803,1436,9,True
0.1,Q10,5,regularized_power_state_empirical,regularized_power_gaussian,brier,1265,8,696720,0.017400731594131035,0.2804050986320765,0.01325630997844483,0.013929119036789755,0.021892316181879125,968,7,True
0.1,Q10,5,regularized_power_state_empirical,regularized_power_gaussian,log_loss,1265,8,696720,0.056083283441214375,0.2623545390329099,0.043068237784122,0.046638082706204245,0.06864074615123654,932,7,True
0.1,Q10,5,regularized_power_state_empirical,regularized_power_gaussian,crps,1265,8,696720,0.1594692630820651,0.2985121595421341,0.05967888160355841,0.044688091209744096,0.3055471811398554,1042,7,True
0.1,Q10,5,regularized_power_state_empirical,regularized_power_gaussian,interval_coverage_abs_error,1265,8,696720,0.015009185899644029,0.25332118874817083,-0.007638905474318131,0.0036663792871648435,0.020512358980884035,799,3,True
0.1,Q10,5,regularized_power_state_empirical,regularized_power_gaussian,median_mae,1265,8,696720,0.028811108433385246,0.05656097362151254,0.008695190275560783,0.009319130948659727,0.056470315747217864,828,6,True
0.1,Q10,7,regularized_power_state_empirical,regularized_power_gaussian,brier,845,7,487478,0.016173303339949107,0.23309064889331735,0.01760237307162717,0.013129303968628627,0.021066584601521013,629,7,True
0.1,Q10,7,regularized_power_state_empirical,regularized_power_gaussian,log_loss,845,7,487478,0.05215319799964276,0.22043133854356026,0.05207930119801373,0.043028471902055526,0.06374052219458752,617,7,True
0.1,Q10,7,regularized_power_state_empirical,regularized_power_gaussian,crps,845,7,487478,0.11912496966794181,0.2037474841952499,0.060681038005162724,0.037481634334252605,0.24454375129989256,710,6,True
0.1,Q10,7,regularized_power_state_empirical,regularized_power_gaussian,interval_coverage_abs_error,845,7,487478,0.011080705180541467,0.18577648766327992,-0.010428586563088264,-0.0012908110590168155,0.016338744967495402,529,4,True
0.1,Q10,7,regularized_power_state_empirical,regularized_power_gaussian,median_mae,845,7,487478,0.03526766609680323,0.05566905785964364,0.010779469430329204,0.013919187957695457,0.07449222514916648,578,4,True
0.1,Q10,10,regularized_power_state_empirical,regularized_power_gaussian,brier,519,5,317601,0.014812371710625228,0.1907118656337703,0.010970197342756045,0.010487606274095052,0.018511720497235273,369,4,True
0.1,Q10,10,regularized_power_state_empirical,regularized_power_gaussian,log_loss,519,5,317601,0.046954542356466386,0.17882876590984054,0.013068371452151228,0.0286969740520301,0.05815686835960935,358,4,True
0.1,Q10,10,regularized_power_state_empirical,regularized_power_gaussian,crps,519,5,317601,0.08720432623923303,0.1636482606890708,0.07561186606832117,0.022672290876961747,0.2237092486464668,397,4,True
0.1,Q10,10,regularized_power_state_empirical,regularized_power_gaussian,interval_coverage_abs_error,519,5,317601,0.007298465684931706,0.11678464367584429,-0.013760228589363387,-0.008152738918404661,0.014449137766959011,315,3,True
0.1,Q10,10,regularized_power_state_empirical,regularized_power_gaussian,median_mae,519,5,317601,0.029877997123203683,0.05022496358154365,0.006282758657487867,-0.08414041733038967,0.10169931887169516,341,3,True
0.1,Q10,14,regularized_power_state_empirical,regularized_power_gaussian,brier,322,3,203699,0.01482336776474808,0.16169044127134727,0.013661881418919193,0.01033212088899919,0.019965966636975314,217,3,True
0.1,Q10,14,regularized_power_state_empirical,regularized_power_gaussian,log_loss,322,3,203699,0.04392257597503908,0.14459570018735884,0.038178429276769,0.027987738605003473,0.05608457928899869,218,3,True
0.1,Q10,14,regularized_power_state_empirical,regularized_power_gaussian,crps,322,3,203699,0.13139226813609753,0.23690665745660253,0.2821584588647022,0.010019985469377362,0.4580549503653986,246,3,True
0.1,Q10,14,regularized_power_state_empirical,regularized_power_gaussian,interval_coverage_abs_error,322,3,203699,-0.005796788398568492,-0.09321639181198862,-0.008072056464865578,-0.01628557337465211,0.004541884118264479,168,0,True
0.1,Q10,14,regularized_power_state_empirical,regularized_power_gaussian,median_mae,322,3,203699,0.03854865922049199,0.06731247084796983,0.13256192760777488,-0.00247182409388927,0.2315636024654762,225,3,True
0.1,Q10,21,regularized_power_state_empirical,regularized_power_gaussian,brier,180,2,111954,0.014558637758737305,0.13084808090970312,0.01238204891274266,0.010202020247551511,0.01948532198776862,123,2,True
0.1,Q10,21,regularized_power_state_empirical,regularized_power_gaussian,log_loss,180,2,111954,0.0382541997041616,0.10658695233173598,0.027635863022712495,0.022602673685526882,0.05499611910271621,119,2,True
0.1,Q10,21,regularized_power_state_empirical,regularized_power_gaussian,crps,180,2,111954,0.1872919309415484,0.26626975983682677,0.14966185148737465,0.007615432567772483,0.5282578991118668,127,2,True
0.1,Q10,21,regularized_power_state_empirical,regularized_power_gaussian,interval_coverage_abs_error,180,2,111954,-0.019931400396591484,-0.3014509199967582,-0.0269550167038394,-0.03289180179677035,-0.006146470145900967,73,0,True
0.1,Q10,21,regularized_power_state_empirical,regularized_power_gaussian,median_mae,180,2,111954,0.058409487948211554,0.08407438081093103,0.044071517554196214,-0.0011668921055123307,0.16807617774141356,116,2,True
0.1,Q10,30,regularized_power_state_empirical,regularized_power_gaussian,brier,129,2,70703,0.011067634955136097,0.08600587859267372,0.009785029691706412,0.005626230383214293,0.02322956922140416,82,2,True
0.1,Q10,30,regularized_power_state_empirical,regularized_power_gaussian,log_loss,129,2,70703,0.021555777797059972,0.05344620590440426,0.01627994727034132,-0.00034836773641028635,0.0668997270602669,75,1,True
0.1,Q10,30,regularized_power_state_empirical,regularized_power_gaussian,crps,129,2,70703,0.2560288275602355,0.29264350419760027,0.22588848238670703,0.010863459043869235,0.696010387943474,85,2,True
0.1,Q10,30,regularized_power_state_empirical,regularized_power_gaussian,interval_coverage_abs_error,129,2,70703,-0.027288799626607112,-0.370063486583425,-0.039177748470535775,-0.057777417963503094,-0.011417122740011174,53,0,True
0.1,Q10,30,regularized_power_state_empirical,regularized_power_gaussian,median_mae,129,2,70703,0.08051373458748029,0.09709881756653867,0.06222662348388132,-0.0017607983724922146,0.20604764079776963,89,2,True
0.2,Q20,1,regularized_power_state_empirical,regularized_power_gaussian,brier,3716,9,2172274,0.011156956601036595,0.36866952887748,0.007519909378687813,0.007782907577709842,0.014658482206603252,3074,9,True
0.2,Q20,1,regularized_power_state_empirical,regularized_power_gaussian,log_loss,3716,9,2172274,0.03739148400977,0.3390756100094971,0.025262713029211778,0.02534414574720162,0.04817399582615312,3032,9,True
0.2,Q20,1,regularized_power_state_empirical,regularized_power_gaussian,crps,3716,9,2172274,0.20147114332277077,0.5674938925441207,0.13314971526050493,0.018879244029087944,0.7428324674294492,3416,9,True
0.2,Q20,1,regularized_power_state_empirical,regularized_power_gaussian,interval_coverage_abs_error,3716,9,2172274,0.021980192185700315,0.38332345862174694,0.014157904500900147,0.016367470433085042,0.026158940650953987,2716,8,True
0.2,Q20,1,regularized_power_state_empirical,regularized_power_gaussian,median_mae,3716,9,2172274,0.0076982003369956255,0.03855342783411421,0.00807799241839927,-0.01720892026956282,0.031263664028000196,2554,9,True
0.2,Q20,2,regularized_power_state_empirical,regularized_power_gaussian,brier,3164,9,1678411,0.016687645629845677,0.3527598231157618,0.010430293971246282,0.012124096587747149,0.02033053003039396,2579,9,True
0.2,Q20,2,regularized_power_state_empirical,regularized_power_gaussian,log_loss,3164,9,1678411,0.053107872511898094,0.32142677715142065,0.03343134040856478,0.04043438655086882,0.06358207886743211,2496,9,True
0.2,Q20,2,regularized_power_state_empirical,regularized_power_gaussian,crps,3164,9,1678411,0.4314075134029355,0.6090910634960456,0.27113952228971105,0.040471044592768686,1.672936958183054,2826,9,True
0.2,Q20,2,regularized_power_state_empirical,regularized_power_gaussian,interval_coverage_abs_error,3164,9,1678411,0.019244154143413007,0.33051758876758364,0.008003854550364073,0.009655919542480467,0.024719033663696235,2132,6,True
0.2,Q20,2,regularized_power_state_empirical,regularized_power_gaussian,median_mae,3164,9,1678411,0.02252745577268555,0.05986479433841871,0.02219603435498597,-0.047217172813973675,0.08804963713562375,2184,9,True
0.2,Q20,3,regularized_power_state_empirical,regularized_power_gaussian,brier,2527,9,1287298,0.018412296796246806,0.3188025474230586,0.011594007902713104,0.013962252438671746,0.02187308964799232,2042,9,True
0.2,Q20,3,regularized_power_state_empirical,regularized_power_gaussian,log_loss,2527,9,1287298,0.057229451478130265,0.28888919925922213,0.036040918620676994,0.04447899774212545,0.0679883145777977,1964,9,True
0.2,Q20,3,regularized_power_state_empirical,regularized_power_gaussian,crps,2527,9,1287298,0.5744799416789905,0.6082615154971563,0.355875498319497,0.05560632155143443,2.424221882222337,2143,9,True
0.2,Q20,3,regularized_power_state_empirical,regularized_power_gaussian,interval_coverage_abs_error,2527,9,1287298,0.01699559853274065,0.28743194669245137,0.0018943291911395334,0.006909345393096852,0.022766607539704005,1621,6,True
0.2,Q20,3,regularized_power_state_empirical,regularized_power_gaussian,median_mae,2527,9,1287298,0.06588271458111711,0.12419150078724316,0.04982453186238659,0.0076089997812148254,0.20508132755825528,1678,9,True
0.2,Q20,5,regularized_power_state_empirical,regularized_power_gaussian,brier,1521,8,806013,0.01918013517519475,0.27068495713050233,0.016583123536965026,0.016297985473659883,0.022705317592267606,1218,8,True
0.2,Q20,5,regularized_power_state_empirical,regularized_power_gaussian,log_loss,1521,8,806013,0.05783889880832773,0.2424777238450307,0.049652476696447415,0.04820553054985168,0.06811245178350259,1187,8,True
0.2,Q20,5,regularized_power_state_empirical,regularized_power_gaussian,crps,1521,8,806013,1.1609603906586834,0.6942478347480087,0.8322912155216167,0.06892443586076068,4.781508861043875,1261,7,True
0.2,Q20,5,regularized_power_state_empirical,regularized_power_gaussian,interval_coverage_abs_error,1521,8,806013,0.0143541109138438,0.2403148919376445,-0.008089231122011683,0.0017532473078502625,0.019955345893710973,964,3,True
0.2,Q20,5,regularized_power_state_empirical,regularized_power_gaussian,median_mae,1521,8,806013,0.12956057803955456,0.16434855478167376,0.10024521909168214,0.009138247963085148,0.43713003956076174,1005,5,True
0.2,Q20,7,regularized_power_state_empirical,regularized_power_gaussian,brier,1009,7,560538,0.01792145214134909,0.2275374686214922,0.01906396531320781,0.014994074042693059,0.021581262441441106,795,7,True
0.2,Q20,7,regularized_power_state_empirical,regularized_power_gaussian,log_loss,1009,7,560538,0.05308372086726502,0.20228503633032122,0.051895324648040426,0.04338499205111849,0.06302549352300603,779,7,True
0.2,Q20,7,regularized_power_state_empirical,regularized_power_gaussian,crps,1009,7,560538,1.8018680712928274,0.7521672361627999,1.8278426986507714,0.06740245442756199,9.235987977292476,837,6,True
0.2,Q20,7,regularized_power_state_empirical,regularized_power_gaussian,interval_coverage_abs_error,1009,7,560538,0.010833520653372281,0.18013170384432822,-0.012133729652113845,0.0006946920399491172,0.01575573938444035,635,4,True
0.2,Q20,7,regularized_power_state_empirical,regularized_power_gaussian,median_mae,1009,7,560538,0.25079538638500554,0.24738083698149152,0.2391307686672823,0.015279734989165112,0.9416054873436774,677,4,True
0.2,Q20,10,regularized_power_state_empirical,regularized_power_gaussian,brier,611,5,364243,0.016251514468273963,0.1835367808167169,0.012422567476904072,0.011932354753401372,0.019750357816601897,463,4,True
0.2,Q20,10,regularized_power_state_empirical,regularized_power_gaussian,log_loss,611,5,364243,0.046663162043645005,0.1602350362232609,0.014147662046174228,0.026151329612099223,0.056971760572713734,456,4,True
0.2,Q20,10,regularized_power_state_empirical,regularized_power_gaussian,crps,611,5,364243,0.0843032571299904,0.14564777076864027,0.07088627171137848,0.026903179844050377,0.20758774653761325,465,4,True
0.2,Q20,10,regularized_power_state_empirical,regularized_power_gaussian,interval_coverage_abs_error,611,5,364243,0.006546179336322165,0.10442825922243758,-0.01345991218874601,-0.0052410338388074445,0.014490425568705544,373,3,True
0.2,Q20,10,regularized_power_state_empirical,regularized_power_gaussian,median_mae,611,5,364243,0.03263529834388605,0.04931551549723614,0.0073324405524211695,-0.06933472363558951,0.09753630310703103,397,3,True
0.2,Q20,14,regularized_power_state_empirical,regularized_power_gaussian,brier,386,3,235904,0.015300567236911469,0.15320074651478452,0.013963485694313972,0.008449972035102426,0.019052151047283267,269,3,True
0.2,Q20,14,regularized_power_state_empirical,regularized_power_gaussian,log_loss,386,3,235904,0.0424168727848444,0.1306715197527913,0.0343473087687518,0.025725686731760098,0.05316526052787398,268,3,True
0.2,Q20,14,regularized_power_state_empirical,regularized_power_gaussian,crps,386,3,235904,0.1185403414189971,0.19196289724324347,0.221911006960127,0.01862864876678269,0.3706847395229494,297,3,True
0.2,Q20,14,regularized_power_state_empirical,regularized_power_gaussian,interval_coverage_abs_error,386,3,235904,-0.010172782148670663,-0.1646088841331251,-0.014458139397861369,-0.024158152055428532,0.00015015526086232384,195,0,True
0.2,Q20,14,regularized_power_state_empirical,regularized_power_gaussian,median_mae,386,3,235904,0.03813899245104415,0.05680327172063437,0.10412510735377584,0.0017360568370873275,0.19099883845894924,271,3,True
0.2,Q20,21,regularized_power_state_empirical,regularized_power_gaussian,brier,211,2,127462,0.01421941762609955,0.12115629875010542,0.014349370130233676,0.007475744384108432,0.023216041485362358,147,2,True
0.2,Q20,21,regularized_power_state_empirical,regularized_power_gaussian,log_loss,211,2,127462,0.036351938779416525,0.09771589356738325,0.03399289656157773,0.017123704090940335,0.06189857487582332,145,2,True
0.2,Q20,21,regularized_power_state_empirical,regularized_power_gaussian,crps,211,2,127462,0.15880360103077784,0.21123040880996158,0.1252403224606499,-0.010722682859183348,0.43963489933990657,144,1,True
0.2,Q20,21,regularized_power_state_empirical,regularized_power_gaussian,interval_coverage_abs_error,211,2,127462,-0.02621644097848773,-0.386821938740074,-0.030382930750656595,-0.04514363510924075,-0.00849150485656373,84,0,True
0.2,Q20,21,regularized_power_state_empirical,regularized_power_gaussian,median_mae,211,2,127462,0.049122258272161795,0.0626954073117427,0.031264551779857666,-0.028636138978790297,0.16040989166981354,132,1,True
0.2,Q20,30,regularized_power_state_empirical,regularized_power_gaussian,brier,144,2,78380,0.013829688347828613,0.10283110476897506,0.015447374524587484,0.006629898357285979,0.02918336095582679,93,2,True
0.2,Q20,30,regularized_power_state_empirical,regularized_power_gaussian,log_loss,144,2,78380,0.02876621616930124,0.06898555884330607,0.029554449913048106,0.0068812702278655625,0.07406053222334637,89,2,True
0.2,Q20,30,regularized_power_state_empirical,regularized_power_gaussian,crps,144,2,78380,0.23202520844231456,0.2619186692805561,0.2012379184085355,0.007802694693198483,0.6673736764672173,96,2,True
0.2,Q20,30,regularized_power_state_empirical,regularized_power_gaussian,interval_coverage_abs_error,144,2,78380,-0.03477417708599136,-0.45551173206765216,-0.04108707411572899,-0.057547035670552305,-0.016370691765551115,58,0,True
0.2,Q20,30,regularized_power_state_empirical,regularized_power_gaussian,median_mae,144,2,78380,0.07443285343010707,0.08479749439541981,0.04886640983434912,-0.013447820632587919,0.1858491018347377,97,1,True
0.05,Q5,1,regularized_power_state_gaussian,regularized_power_gaussian,brier,2609,9,1538324,0.001999321713217371,0.08975727254091873,0.001008590089013802,0.0007292340709313859,0.003442547573553176,1196,6,True
0.05,Q5,1,regularized_power_state_gaussian,regularized_power_gaussian,log_loss,2609,9,1538324,0.007978574992912362,0.09505535625750602,0.004271920988784978,0.003612153924387326,0.013376581375430434,1229,8,True
0.05,Q5,1,regularized_power_state_gaussian,regularized_power_gaussian,crps,2609,9,1538324,0.010933193844457739,0.07301923645683156,0.0049681117517197965,0.0021877414302831993,0.029660306207512557,1333,8,True
0.05,Q5,1,regularized_power_state_gaussian,regularized_power_gaussian,interval_coverage_abs_error,2609,9,1538324,0.00990051510605048,0.1773535425992259,0.008533551498527034,0.006697060223092815,0.013330168735543055,1758,8,True
0.05,Q5,1,regularized_power_state_gaussian,regularized_power_gaussian,median_mae,2609,9,1538324,-0.000574931769267655,-0.003934729620222543,-0.00048729566965748626,-0.002154639962178175,0.00015877356321580903,871,2,True
0.05,Q5,2,regularized_power_state_gaussian,regularized_power_gaussian,brier,2107,9,1155504,0.003794483738718201,0.10526542299005494,0.0018651441269049004,0.001911796766661624,0.005993973624717442,926,6,True
0.05,Q5,2,regularized_power_state_gaussian,regularized_power_gaussian,log_loss,2107,9,1155504,0.013818079049406002,0.10622322180495342,0.007330066900927724,0.007782130690868843,0.020072845209264802,1005,7,True
0.05,Q5,2,regularized_power_state_gaussian,regularized_power_gaussian,crps,2107,9,1155504,0.022502866083868596,0.09240794208802816,0.010242906856154073,0.008682821462734086,0.04204223620137496,1175,8,True
0.05,Q5,2,regularized_power_state_gaussian,regularized_power_gaussian,interval_coverage_abs_error,2107,9,1155504,0.010689534610005675,0.18858976786226864,0.01018278563441805,0.007713123218685531,0.015154039295214833,1424,9,True
0.05,Q5,2,regularized_power_state_gaussian,regularized_power_gaussian,median_mae,2107,9,1155504,-0.0018191841300995069,-0.00778171809672864,-0.00132739794773382,-0.006512786217771743,0.0001317520784327592,761,1,True
0.05,Q5,3,regularized_power_state_gaussian,regularized_power_gaussian,brier,1624,9,880714,0.004432865708570347,0.101799980519013,0.002804143124854002,0.002625347120365135,0.006769007843168165,735,8,True
0.05,Q5,3,regularized_power_state_gaussian,regularized_power_gaussian,log_loss,1624,9,880714,0.01578778351058454,0.10201427680803224,0.010936474618369088,0.010570504560933116,0.023081590339829594,799,8,True
0.05,Q5,3,regularized_power_state_gaussian,regularized_power_gaussian,crps,1624,9,880714,0.021360552098499578,0.07656830692525224,0.01175002221113559,0.004645355501736888,0.04327503427406453,952,9,True
0.05,Q5,3,regularized_power_state_gaussian,regularized_power_gaussian,interval_coverage_abs_error,1624,9,880714,0.010612979923107842,0.18575857546007396,0.01002819361390304,0.007282349508620288,0.015103147172900788,1058,9,True
0.05,Q5,3,regularized_power_state_gaussian,regularized_power_gaussian,median_mae,1624,9,880714,-0.0024809386216481377,-0.009000938829221847,-0.001750839241607838,-0.007163101327693339,-0.00019103731626166372,610,0,True
0.05,Q5,5,regularized_power_state_gaussian,regularized_power_gaussian,brier,956,8,551447,0.005137799194348737,0.0944439780883402,0.005905959357450801,0.0031071688387809934,0.008984004406917864,431,8,True
0.05,Q5,5,regularized_power_state_gaussian,regularized_power_gaussian,log_loss,956,8,551447,0.017908509167601942,0.09422606678578627,0.020217180568675375,0.011997823151980789,0.02958951411201144,462,7,True
0.05,Q5,5,regularized_power_state_gaussian,regularized_power_gaussian,crps,956,8,551447,0.057524578554470615,0.1229277225021613,0.02694104353471755,0.006008967910397918,0.16595588914962311,539,7,True
0.05,Q5,5,regularized_power_state_gaussian,regularized_power_gaussian,interval_coverage_abs_error,956,8,551447,0.010337167488444038,0.17717136241433437,0.008556168271417947,0.007413259879009142,0.01396746893346915,614,7,True
0.05,Q5,5,regularized_power_state_gaussian,regularized_power_gaussian,median_mae,956,8,551447,-0.004337369037028346,-0.009247725186911224,-0.002883344439478708,-0.011048704356256333,0.00036675646046336333,413,0,True
0.05,Q5,7,regularized_power_state_gaussian,regularized_power_gaussian,brier,653,7,390983,0.005074568390664744,0.08310898724864368,0.010336933963604453,0.002910259221346316,0.010143588635755573,300,7,True
0.05,Q5,7,regularized_power_state_gaussian,regularized_power_gaussian,log_loss,653,7,390983,0.017779534093995596,0.08417738273128696,0.032070692342009065,0.011374548501159107,0.03551058218235857,337,7,True
0.05,Q5,7,regularized_power_state_gaussian,regularized_power_gaussian,crps,653,7,390983,0.02967504173367013,0.058103162146276505,0.02869877128981669,0.009781604346392896,0.06411372934855696,397,6,True
0.05,Q5,7,regularized_power_state_gaussian,regularized_power_gaussian,interval_coverage_abs_error,653,7,390983,0.009353859374960034,0.158793978576794,0.0023333921758062837,0.0056597921687126145,0.013299207201609013,426,5,True
0.05,Q5,7,regularized_power_state_gaussian,regularized_power_gaussian,median_mae,653,7,390983,-0.004328525461837718,-0.007458576185513535,-0.008229151274785105,-0.0108295988571878,0.0006351471943678577,278,1,True
0.05,Q5,10,regularized_power_state_gaussian,regularized_power_gaussian,brier,402,5,253865,0.003989571512763313,0.057450916752508546,0.008755671268941218,0.0020065134751594466,0.007937895007349255,185,5,True
0.05,Q5,10,regularized_power_state_gaussian,regularized_power_gaussian,log_loss,402,5,253865,0.015243584968218545,0.06405653887271699,-0.010214900296897002,0.009017098061282185,0.026326877923997946,216,4,True
0.05,Q5,10,regularized_power_state_gaussian,regularized_power_gaussian,crps,402,5,253865,0.03408879319005924,0.07763659145486344,0.03626503072427325,-0.0011683837599677214,0.16483685735298645,234,3,True
0.05,Q5,10,regularized_power_state_gaussian,regularized_power_gaussian,interval_coverage_abs_error,402,5,253865,0.008992968703838651,0.14537419687601483,-0.038303911178232786,0.0029345874513096943,0.014398178498194818,246,4,True
0.05,Q5,10,regularized_power_state_gaussian,regularized_power_gaussian,median_mae,402,5,253865,-0.0056037774182068735,-0.011450613597412278,-0.006343420522463941,-0.017556031797885657,0.0003439629469789283,178,1,True
0.05,Q5,14,regularized_power_state_gaussian,regularized_power_gaussian,brier,255,3,165714,0.002610564431503855,0.03165749257448338,0.003008259279114547,0.00020798199608853884,0.005466613137109018,119,3,True
0.05,Q5,14,regularized_power_state_gaussian,regularized_power_gaussian,log_loss,255,3,165714,0.01128220022904831,0.040617485317884026,0.011811231797473341,0.00320176227567577,0.019888110277039885,136,3,True
0.05,Q5,14,regularized_power_state_gaussian,regularized_power_gaussian,crps,255,3,165714,0.04266505930616907,0.09129336726843425,0.28837753239785696,-0.0003912905452329413,0.591783444313125,143,3,True
0.05,Q5,14,regularized_power_state_gaussian,regularized_power_gaussian,interval_coverage_abs_error,255,3,165714,0.00559156136476097,0.08981118908230912,0.005102371231737269,-0.002505874324756767,0.011555843105744352,155,3,True
0.05,Q5,14,regularized_power_state_gaussian,regularized_power_gaussian,median_mae,255,3,165714,-0.0050837010230671146,-0.009751911234604307,-0.014885631844537695,-0.024534858260987624,0.00048002386139555866,95,1,True
0.05,Q5,21,regularized_power_state_gaussian,regularized_power_gaussian,brier,144,2,91336,0.0017463288437482218,0.0174662529186712,0.0022189770353667547,-0.0005658940230594841,0.004081717579537285,68,2,True
0.05,Q5,21,regularized_power_state_gaussian,regularized_power_gaussian,log_loss,144,2,91336,0.009589326605058228,0.029013774319276285,0.008944397297028315,0.0013565928914248758,0.01837078748438829,82,2,True
0.05,Q5,21,regularized_power_state_gaussian,regularized_power_gaussian,crps,144,2,91336,0.058625111403744115,0.10519302954859674,0.04879719931754581,-0.005047671280846198,0.23590028404481334,74,2,True
0.05,Q5,21,regularized_power_state_gaussian,regularized_power_gaussian,interval_coverage_abs_error,144,2,91336,0.003516685644214766,0.05231952045869167,-0.0012845006336570826,-0.010165378183498837,0.01168338779909005,88,1,True
0.05,Q5,21,regularized_power_state_gaussian,regularized_power_gaussian,median_mae,144,2,91336,-0.00949516795849977,-0.0156776831752176,-0.007543112945037268,-0.027946682763738816,-1.9170641618058266e-05,62,0,True
0.05,Q5,30,regularized_power_state_gaussian,regularized_power_gaussian,brier,102,2,56093,0.0026465769454257996,0.02189478076614276,0.0020788410732500524,-0.002337965412528592,0.00590712557461185,48,2,True
0.05,Q5,30,regularized_power_state_gaussian,regularized_power_gaussian,log_loss,102,2,56093,0.013968245984593904,0.035973126264252024,0.01400977724435248,0.0037227880911428223,0.029286669651568054,63,2,True
0.05,Q5,30,regularized_power_state_gaussian,regularized_power_gaussian,crps,102,2,56093,0.07136616337362128,0.11316023558266634,0.06384326645591186,-0.017607313618062656,0.29221970915699186,50,2,True
0.05,Q5,30,regularized_power_state_gaussian,regularized_power_gaussian,interval_coverage_abs_error,102,2,56093,0.006218244700764784,0.08131104739259132,0.0030774883751696486,-0.00651989529815028,0.01887247268329512,61,2,True
0.05,Q5,30,regularized_power_state_gaussian,regularized_power_gaussian,median_mae,102,2,56093,-0.004400030182673953,-0.006580894222820796,-0.003557758297913337,-0.012502985840105568,0.0016850957807546306,42,0,True
0.1,Q10,1,regularized_power_state_gaussian,regularized_power_gaussian,brier,3280,9,1924679,0.002783524822786154,0.10442035690694759,0.0015777555941117241,0.0015811124776118767,0.004180135754928947,1720,8,True
0.1,Q10,1,regularized_power_state_gaussian,regularized_power_gaussian,log_loss,3280,9,1924679,0.010767139653851928,0.1092483288649985,0.006276327087084216,0.0057195596455710965,0.015763259236072222,1749,8,True
0.1,Q10,1,regularized_power_state_gaussian,regularized_power_gaussian,crps,3280,9,1924679,0.051864120456408806,0.21068211121372157,0.03108467922886334,0.004946806719599607,0.2092961075738968,1734,9,True
0.1,Q10,1,regularized_power_state_gaussian,regularized_power_gaussian,interval_coverage_abs_error,3280,9,1924679,0.00996031026472466,0.17533683267983544,0.008423197624004244,0.007098194580698254,0.013058921418493307,2203,8,True
0.1,Q10,1,regularized_power_state_gaussian,regularized_power_gaussian,median_mae,3280,9,1924679,-0.0019135525414419256,-0.011464519084595672,-0.0013736696011141217,-0.010179118200288209,0.00038741458888281435,1116,3,True
0.1,Q10,2,regularized_power_state_gaussian,regularized_power_gaussian,brier,2763,9,1479167,0.004732575114929545,0.11345223441963044,0.0024312544965961174,0.002916646485283043,0.006435091607646063,1407,7,True
0.1,Q10,2,regularized_power_state_gaussian,regularized_power_gaussian,log_loss,2763,9,1479167,0.01684611125917268,0.11374533576154708,0.008987300741213306,0.01080853425011754,0.022222847119268266,1492,8,True
0.1,Q10,2,regularized_power_state_gaussian,regularized_power_gaussian,crps,2763,9,1479167,0.04022214293657352,0.10999260017552998,0.01696455907735868,0.008883748291883747,0.08977426968083697,1564,8,True
0.1,Q10,2,regularized_power_state_gaussian,regularized_power_gaussian,interval_coverage_abs_error,2763,9,1479167,0.011000786253343942,0.19096193318444754,0.009347407720766941,0.0078007545092327255,0.014848970343862932,1865,9,True
0.1,Q10,2,regularized_power_state_gaussian,regularized_power_gaussian,median_mae,2763,9,1479167,-0.0025566055028201262,-0.008835262317432648,-0.0018116541835228976,-0.010616789111770351,0.000747639368223043,982,1,True
0.1,Q10,3,regularized_power_state_gaussian,regularized_power_gaussian,brier,2171,9,1125256,0.0055420225762793625,0.10963842494289594,0.0029696389096686465,0.003818057808943039,0.007478846706147469,1144,7,True
0.1,Q10,3,regularized_power_state_gaussian,regularized_power_gaussian,log_loss,2171,9,1125256,0.019295913432953418,0.10915010014585545,0.011317542606605608,0.014004053127126777,0.024774955714823323,1211,7,True
0.1,Q10,3,regularized_power_state_gaussian,regularized_power_gaussian,crps,2171,9,1125256,0.04896212498808095,0.12326898935938842,0.01729797212813651,0.006429102766236532,0.10957637234288478,1290,9,True
0.1,Q10,3,regularized_power_state_gaussian,regularized_power_gaussian,interval_coverage_abs_error,2171,9,1125256,0.011414646978109868,0.19552754563029948,0.009696484161107957,0.008254470577936069,0.015408768993663434,1447,8,True
0.1,Q10,3,regularized_power_state_gaussian,regularized_power_gaussian,median_mae,2171,9,1125256,-0.0022262332110840363,-0.006088985385062886,-0.0013870947863356378,-0.006589471266890377,0.0008640001641450727,821,0,True
0.1,Q10,5,regularized_power_state_gaussian,regularized_power_gaussian,brier,1265,8,696720,0.00608255505039288,0.09801768618830446,0.005437893593798074,0.0041629607615220705,0.008731436111011069,698,8,True
0.1,Q10,5,regularized_power_state_gaussian,regularized_power_gaussian,log_loss,1265,8,696720,0.020756940676947156,0.09709983561754193,0.019007242880306474,0.015335836261348658,0.02908586279166557,740,8,True
0.1,Q10,5,regularized_power_state_gaussian,regularized_power_gaussian,crps,1265,8,696720,0.07246111641946164,0.13564071174064507,0.03055083710994702,-0.050899806719633504,0.2057990618247825,720,7,True
0.1,Q10,5,regularized_power_state_gaussian,regularized_power_gaussian,interval_coverage_abs_error,1265,8,696720,0.011315018945918012,0.19097198670555515,0.008055056348069248,0.008523943031690332,0.014777541758154579,815,7,True
0.1,Q10,5,regularized_power_state_gaussian,regularized_power_gaussian,median_mae,1265,8,696720,-0.005897136151718667,-0.011577054145314476,-0.004317784368428244,-0.025742382481422407,0.0006643214016008388,544,0,True
0.1,Q10,7,regularized_power_state_gaussian,regularized_power_gaussian,brier,845,7,487478,0.006081279178980218,0.08764377197011007,0.009141382706192608,0.003897932189998679,0.010626410443947439,472,7,True
0.1,Q10,7,regularized_power_state_gaussian,regularized_power_gaussian,log_loss,845,7,487478,0.020388453539564328,0.0861740847529645,0.028725976547852927,0.014256932831311814,0.03270792823552753,505,7,True
0.1,Q10,7,regularized_power_state_gaussian,regularized_power_gaussian,crps,845,7,487478,0.046673262614583495,0.07982843448702051,0.028847436489215623,-0.03229547107975444,0.13547295338738552,518,5,True
0.1,Q10,7,regularized_power_state_gaussian,regularized_power_gaussian,interval_coverage_abs_error,845,7,487478,0.010290925949478743,0.17253523548793154,0.004058409628537853,0.006947058370500643,0.01398500406501637,548,6,True
0.1,Q10,7,regularized_power_state_gaussian,regularized_power_gaussian,median_mae,845,7,487478,-0.01027264076201212,-0.01621508583477324,-0.008612169857353002,-0.04648123615937516,0.0005336163964597432,354,1,True
0.1,Q10,10,regularized_power_state_gaussian,regularized_power_gaussian,brier,519,5,317601,0.005315851892690502,0.0684425189762553,0.004788346972999494,0.0032061901741107074,0.009161488018229389,286,4,True
0.1,Q10,10,regularized_power_state_gaussian,regularized_power_gaussian,log_loss,519,5,317601,0.018325818481851493,0.06979481300270686,-0.00074355905664329,0.012133256676003836,0.027534020680745154,307,4,True
0.1,Q10,10,regularized_power_state_gaussian,regularized_power_gaussian,crps,519,5,317601,0.042884569306855976,0.08047748867658258,0.03951103474410826,0.0036425427757076057,0.1792330005785069,304,3,True
0.1,Q10,10,regularized_power_state_gaussian,regularized_power_gaussian,interval_coverage_abs_error,519,5,317601,0.009548458600571155,0.15278736428445477,-0.008131165594424781,0.003326180267235816,0.014310603624704998,322,4,True
0.1,Q10,10,regularized_power_state_gaussian,regularized_power_gaussian,median_mae,519,5,317601,-0.008215697310598916,-0.013810601042643512,-0.009246071124033096,-0.03106657403729954,-0.0008176108449095879,222,1,True
0.1,Q10,14,regularized_power_state_gaussian,regularized_power_gaussian,brier,322,3,203699,0.004648093487873724,0.050700508754297276,0.004792628403608217,0.0014642045813962235,0.008329310527163894,169,3,True
0.1,Q10,14,regularized_power_state_gaussian,regularized_power_gaussian,log_loss,322,3,203699,0.016539923177854438,0.0544503986812185,0.015434653940920806,0.006890909673909047,0.02766396470730527,186,3,True
0.1,Q10,14,regularized_power_state_gaussian,regularized_power_gaussian,crps,322,3,203699,0.07919539858152136,0.14279315997846836,0.2151714785179345,0.0015186639828562339,0.36141867390735966,176,3,True
0.1,Q10,14,regularized_power_state_gaussian,regularized_power_gaussian,interval_coverage_abs_error,322,3,203699,0.006078576723498883,0.0977477441917377,0.004326787368047927,-0.003522551137610808,0.012296982417556739,191,3,True
0.1,Q10,14,regularized_power_state_gaussian,regularized_power_gaussian,median_mae,322,3,203699,-0.007110138778066948,-0.012415503389784121,-0.012172898825774285,-0.018914842305110043,-0.0003057142110754376,116,0,True
0.1,Q10,21,regularized_power_state_gaussian,regularized_power_gaussian,brier,180,2,111954,0.0034769422551527577,0.031249573556259177,0.003777769987620404,0.0008730678428869284,0.007057342778693104,91,2,True
0.1,Q10,21,regularized_power_state_gaussian,regularized_power_gaussian,log_loss,180,2,111954,0.012692301601392928,0.035364319636270215,0.012001183461705103,0.0034215016827577487,0.024644294270885086,95,2,True
0.1,Q10,21,regularized_power_state_gaussian,regularized_power_gaussian,crps,180,2,111954,0.12798157977226474,0.18194924008837224,0.10764136651296773,-0.0007420950945968335,0.4035309884561722,93,2,True
0.1,Q10,21,regularized_power_state_gaussian,regularized_power_gaussian,interval_coverage_abs_error,180,2,111954,0.004092752380441968,0.06190051606279216,-0.0009770193431642674,-0.008995465672879382,0.01142463474528086,106,1,True
0.1,Q10,21,regularized_power_state_gaussian,regularized_power_gaussian,median_mae,180,2,111954,-0.009849390547792373,-0.014177172934727563,-0.006023324317628314,-0.029355022689231416,0.0036648235737080843,72,1,True
0.1,Q10,30,regularized_power_state_gaussian,regularized_power_gaussian,brier,129,2,70703,0.0009337242946452905,0.007255911371293078,0.0012417757602547755,-0.0019706576616388177,0.007665542638226241,61,1,True
0.1,Q10,30,regularized_power_state_gaussian,regularized_power_gaussian,log_loss,129,2,70703,0.004743550475800159,0.011761337393361364,0.005856770047145982,-0.006500176699038188,0.02847685261329094,65,1,True
0.1,Q10,30,regularized_power_state_gaussian,regularized_power_gaussian,crps,129,2,70703,0.2018190650334997,0.23068120480062557,0.18834663887985909,-0.0075238075772288875,0.5886778658925496,64,2,True
0.1,Q10,30,regularized_power_state_gaussian,regularized_power_gaussian,interval_coverage_abs_error,129,2,70703,0.003790503939012476,0.051403034313443265,0.0006874909930970577,-0.01434119234864868,0.012602466466249315,73,1,True
0.1,Q10,30,regularized_power_state_gaussian,regularized_power_gaussian,median_mae,129,2,70703,0.003877828809185218,0.004676625597192127,0.0037782762519604253,-0.010697796039922174,0.026309656144602074,49,1,True
0.2,Q20,1,regularized_power_state_gaussian,regularized_power_gaussian,brier,3716,9,2172274,0.0037679278680487972,0.12450708931043204,0.002422741498083184,0.0022261425387456453,0.005347152873970784,2359,9,True
0.2,Q20,1,regularized_power_state_gaussian,regularized_power_gaussian,log_loss,3716,9,2172274,0.013462006447259409,0.12207694262318058,0.008767862926812059,0.008717796925839877,0.01847420314741845,2356,9,True
0.2,Q20,1,regularized_power_state_gaussian,regularized_power_gaussian,crps,3716,9,2172274,0.13201987622339176,0.37186701884734824,0.08976832147220885,0.005437168890814364,0.5904287031169425,1980,9,True
0.2,Q20,1,regularized_power_state_gaussian,regularized_power_gaussian,interval_coverage_abs_error,3716,9,2172274,0.009906024746417809,0.17275607214480343,0.008683838450280985,0.007031186424563714,0.012833171061404677,2486,9,True
0.2,Q20,1,regularized_power_state_gaussian,regularized_power_gaussian,median_mae,3716,9,2172274,0.0014948698239111195,0.007486471299088655,0.0011124500509340244,-0.005669396918215705,0.01616942521568067,1268,4,True
0.2,Q20,2,regularized_power_state_gaussian,regularized_power_gaussian,brier,3164,9,1678411,0.005903245214188349,0.1247885881422152,0.003395003375771033,0.0040098520394061445,0.007578968048738235,2022,8,True
0.2,Q20,2,regularized_power_state_gaussian,regularized_power_gaussian,log_loss,3164,9,1678411,0.019712016380230946,0.11930377920588249,0.01156148692716228,0.013574418834270659,0.024460217672489796,2029,8,True
0.2,Q20,2,regularized_power_state_gaussian,regularized_power_gaussian,crps,3164,9,1678411,0.30609718679721765,0.43216924890533537,0.19599398938513587,0.015866204554403088,1.3094145469514942,1807,8,True
0.2,Q20,2,regularized_power_state_gaussian,regularized_power_gaussian,interval_coverage_abs_error,3164,9,1678411,0.01107762043980884,0.19025769435033046,0.009109331721520288,0.008132168601842953,0.014628992437243664,2137,9,True
0.2,Q20,2,regularized_power_state_gaussian,regularized_power_gaussian,median_mae,3164,9,1678411,0.002577578701789764,0.006849695785923068,0.0017436547598802736,-0.009127193161163581,0.03015812741783246,1136,3,True
0.2,Q20,3,regularized_power_state_gaussian,regularized_power_gaussian,brier,2527,9,1287298,0.006858974694280339,0.11876077327259893,0.003971793417239268,0.00492592362130346,0.008518437471439246,1632,8,True
0.2,Q20,3,regularized_power_state_gaussian,regularized_power_gaussian,log_loss,2527,9,1287298,0.022140011348865438,0.11176081519159774,0.01333050504148273,0.016362867451457958,0.027637165256814065,1637,9,True
0.2,Q20,3,regularized_power_state_gaussian,regularized_power_gaussian,crps,2527,9,1287298,0.4464090524061781,0.4726595779038698,0.2806689468781614,0.01074524374897297,2.1078293847018674,1512,9,True
0.2,Q20,3,regularized_power_state_gaussian,regularized_power_gaussian,interval_coverage_abs_error,2527,9,1287298,0.0114652551312905,0.19390200323713036,0.009252414660490618,0.00824412499952324,0.015081242942544574,1681,8,True
0.2,Q20,3,regularized_power_state_gaussian,regularized_power_gaussian,median_mae,2527,9,1287298,0.00528603702877448,0.009964387108126214,0.0036988539933026526,-0.009290002901643432,0.0541252206100269,958,1,True
0.2,Q20,5,regularized_power_state_gaussian,regularized_power_gaussian,brier,1521,8,806013,0.0070963415728644156,0.10014908116593615,0.0070980148019891415,0.00537287628403599,0.00928975216631958,953,8,True
0.2,Q20,5,regularized_power_state_gaussian,regularized_power_gaussian,log_loss,1521,8,806013,0.02179150415152382,0.09135641297963717,0.022322559586078927,0.016720649013448698,0.027806433586262773,972,8,True
0.2,Q20,5,regularized_power_state_gaussian,regularized_power_gaussian,crps,1521,8,806013,0.9986804600051781,0.5972053418380372,0.7370995333232957,0.02031058912516258,4.739014021756706,871,8,True
0.2,Q20,5,regularized_power_state_gaussian,regularized_power_gaussian,interval_coverage_abs_error,1521,8,806013,0.010906771975141836,0.18259993560916843,0.007881297778515328,0.008534696881766652,0.013808169310410501,983,7,True
0.2,Q20,5,regularized_power_state_gaussian,regularized_power_gaussian,median_mae,1521,8,806013,0.017889820474755274,0.022693370042174397,0.015257795627272419,-0.021793379855437806,0.13971170896893012,631,2,True
0.2,Q20,7,regularized_power_state_gaussian,regularized_power_gaussian,brier,1009,7,560538,0.006640087790980629,0.0843050415484062,0.008625692732244103,0.004514814255527326,0.010086712066124591,621,7,True
0.2,Q20,7,regularized_power_state_gaussian,regularized_power_gaussian,log_loss,1009,7,560538,0.019667907080404796,0.07494808640579848,0.022615525588803625,0.013811029460451471,0.027878064611857368,630,7,True
0.2,Q20,7,regularized_power_state_gaussian,regularized_power_gaussian,crps,1009,7,560538,1.6358791141947457,0.6828772270421934,1.700663445783086,0.015354898427671822,10.71106464080909,615,6,True
0.2,Q20,7,regularized_power_state_gaussian,regularized_power_gaussian,interval_coverage_abs_error,1009,7,560538,0.009664643610245867,0.16069648789748453,0.0027069631958215675,0.006627859353849347,0.013514653079848794,656,5,True
0.2,Q20,7,regularized_power_state_gaussian,regularized_power_gaussian,median_mae,1009,7,560538,0.09110592489269484,0.08986552854416957,0.10142815110728207,-0.045439157009255715,0.5142723487137089,419,3,True
0.2,Q20,10,regularized_power_state_gaussian,regularized_power_gaussian,brier,611,5,364243,0.0052031165175554775,0.05876149313411303,0.004379667855981369,0.00324702017495136,0.007954702828391468,351,4,True
0.2,Q20,10,regularized_power_state_gaussian,regularized_power_gaussian,log_loss,611,5,364243,0.015135544057857709,0.05197342709225772,-0.006146286170172795,0.007836810676040284,0.021735485217456604,351,4,True
0.2,Q20,10,regularized_power_state_gaussian,regularized_power_gaussian,crps,611,5,364243,0.036227343115425796,0.06258870588471432,0.03142229753850105,0.0005354621350163735,0.1305529951315823,346,3,True
0.2,Q20,10,regularized_power_state_gaussian,regularized_power_gaussian,interval_coverage_abs_error,611,5,364243,0.009166408139621074,0.14622759264044427,-0.00826254638495946,0.003921854263501386,0.01307899002839033,379,4,True
0.2,Q20,10,regularized_power_state_gaussian,regularized_power_gaussian,median_mae,611,5,364243,-0.00875754052366035,-0.013233604328092655,-0.008452078064093854,-0.028683909267734207,-0.0027892399748434783,258,1,True
0.2,Q20,14,regularized_power_state_gaussian,regularized_power_gaussian,brier,386,3,235904,0.00416848939314004,0.0417380399680479,0.0058487669332416775,-1.4186577981103771e-05,0.00892941211491376,216,3,True
0.2,Q20,14,regularized_power_state_gaussian,regularized_power_gaussian,log_loss,386,3,235904,0.011979383247089732,0.03690428152349905,0.013217623282525168,-0.000217463459535868,0.025281582099186323,218,3,True
0.2,Q20,14,regularized_power_state_gaussian,regularized_power_gaussian,crps,386,3,235904,0.06715302445326894,0.10874685342040029,0.1640115256026816,-0.002530671343427621,0.285140652984807,217,3,True
0.2,Q20,14,regularized_power_state_gaussian,regularized_power_gaussian,interval_coverage_abs_error,386,3,235904,0.0053496337493217526,0.08656405191099398,0.0036533844679853844,-0.003261444876616489,0.01034026275814479,226,2,True
0.2,Q20,14,regularized_power_state_gaussian,regularized_power_gaussian,median_mae,386,3,235904,-0.007879960718888558,-0.011736218528517991,-0.010598951560454364,-0.01903364999297048,-0.0018006555079342886,134,0,True
0.2,Q20,21,regularized_power_state_gaussian,regularized_power_gaussian,brier,211,2,127462,0.0017427030185402208,0.014848670536226875,0.0034303058561916296,-0.002736179186544138,0.009384645947421959,108,1,True
0.2,Q20,21,regularized_power_state_gaussian,regularized_power_gaussian,log_loss,211,2,127462,0.004501665615323869,0.01210071024855518,0.008380561341647691,-0.008316168262907998,0.02599639415651129,112,1,True
0.2,Q20,21,regularized_power_state_gaussian,regularized_power_gaussian,crps,211,2,127462,0.11326222281344277,0.1506541758015403,0.09242850692610084,-0.010226061995533442,0.33599339954867286,107,2,True
0.2,Q20,21,regularized_power_state_gaussian,regularized_power_gaussian,interval_coverage_abs_error,211,2,127462,0.003569691358993266,0.05267057162040142,-0.0013543584578884684,-0.010715528413721994,0.011398292732864378,122,1,True
0.2,Q20,21,regularized_power_state_gaussian,regularized_power_gaussian,median_mae,211,2,127462,-0.014422510925511528,-0.01840764713876032,-0.013938825566327109,-0.03438606511739824,-0.0006231346688571615,82,0,True
0.2,Q20,30,regularized_power_state_gaussian,regularized_power_gaussian,brier,144,2,78380,0.0027219618065519218,0.020239236970993384,0.0032056227053812027,-0.0022840873874462224,0.009454304222429318,63,2,True
0.2,Q20,30,regularized_power_state_gaussian,regularized_power_gaussian,log_loss,144,2,78380,0.0066661464899525,0.015986386191155673,0.009082157469970879,-0.008473243479574831,0.029000005468412644,63,1,True
0.2,Q20,30,regularized_power_state_gaussian,regularized_power_gaussian,crps,144,2,78380,0.19051424931679883,0.21505955751547512,0.17052673838449142,-0.0052568005691287535,0.5272971103605931,70,2,True
0.2,Q20,30,regularized_power_state_gaussian,regularized_power_gaussian,interval_coverage_abs_error,144,2,78380,0.003898953814748649,0.051072932682665814,0.0010318174008737608,-0.011373664203043246,0.011797992687755002,81,1,True
0.2,Q20,30,regularized_power_state_gaussian,regularized_power_gaussian,median_mae,144,2,78380,-0.0006417486003036162,-0.0007311109386477289,-0.004216305685112655,-0.016979461299990894,0.02080840863256501,55,1,True
0.05,Q5,1,regularized_power_state_empirical,regularized_power_state_gaussian,brier,2609,9,1538324,0.0059607903629398775,0.293990701891475,0.004411154722765953,0.004248322651896314,0.008498962571086335,2010,9,True
0.05,Q5,1,regularized_power_state_empirical,regularized_power_state_gaussian,log_loss,2609,9,1538324,0.020808080785017388,0.2739436726475344,0.015351345437392682,0.01511575804202044,0.02826786051465528,1960,9,True
0.05,Q5,1,regularized_power_state_empirical,regularized_power_state_gaussian,crps,2609,9,1538324,0.02470418135579202,0.17798769717877852,0.015185542145481894,0.009086795902472324,0.05244228918686916,2277,9,True
0.05,Q5,1,regularized_power_state_empirical,regularized_power_state_gaussian,interval_coverage_abs_error,2609,9,1538324,0.011423211235084399,0.24874654255243825,0.0037817403612107454,0.004255212183545872,0.016005228199876473,1699,7,True
0.05,Q5,1,regularized_power_state_empirical,regularized_power_state_gaussian,median_mae,2609,9,1538324,0.006399772215052695,0.04362722861234472,0.005003782204540341,0.002596116769291969,0.015920417696807434,1819,9,True
0.05,Q5,2,regularized_power_state_empirical,regularized_power_state_gaussian,brier,2107,9,1155504,0.009025720093479388,0.27984701830500514,0.006461609763913111,0.0066691433536464366,0.012069712151575379,1644,9,True
0.05,Q5,2,regularized_power_state_empirical,regularized_power_state_gaussian,log_loss,2107,9,1155504,0.03058860604530129,0.2630888340307983,0.0218746593481076,0.023014559151248812,0.039547651583252866,1605,9,True
0.05,Q5,2,regularized_power_state_empirical,regularized_power_state_gaussian,crps,2107,9,1155504,0.042319172174138796,0.1914775843377668,0.02399318961355827,0.013462249224045679,0.09115392355433063,1774,9,True
0.05,Q5,2,regularized_power_state_empirical,regularized_power_state_gaussian,interval_coverage_abs_error,2107,9,1155504,0.007456659604813118,0.16212991920035788,-0.0023816749900029736,-0.0036504320726239298,0.01307310868464694,1216,3,True
0.05,Q5,2,regularized_power_state_empirical,regularized_power_state_gaussian,median_mae,2107,9,1155504,0.013592620665754018,0.05769465178210601,0.009716681865149977,0.005532574826722024,0.03507541249423136,1477,9,True
0.05,Q5,3,regularized_power_state_empirical,regularized_power_state_gaussian,brier,1624,9,880714,0.010237837574931786,0.26175699428940835,0.0077489100633185305,0.007368701827640235,0.01385211891737296,1293,9,True
0.05,Q5,3,regularized_power_state_empirical,regularized_power_state_gaussian,log_loss,1624,9,880714,0.03370554919919279,0.24253351923829478,0.02520039696850193,0.025007168637096688,0.044595681229278566,1232,9,True
0.05,Q5,3,regularized_power_state_empirical,regularized_power_state_gaussian,crps,1624,9,880714,0.04908315308060912,0.1905303865267543,0.023750646116748066,0.01637637137816248,0.1117024432618654,1284,9,True
0.05,Q5,3,regularized_power_state_empirical,regularized_power_state_gaussian,interval_coverage_abs_error,1624,9,880714,0.005448533803255068,0.1171218666861923,-0.007799754080698069,-0.008115681955171327,0.011088569029861038,877,3,True
0.05,Q5,3,regularized_power_state_empirical,regularized_power_state_gaussian,median_mae,1624,9,880714,0.017528378307828812,0.06302632110781489,0.011339348404552462,0.00763147264349483,0.04305649959192453,1125,9,True
0.05,Q5,5,regularized_power_state_empirical,regularized_power_state_gaussian,brier,956,8,551447,0.011381784614645028,0.23104266502335793,0.008691768573725162,0.008622722760009463,0.01519762597271417,757,8,True
0.05,Q5,5,regularized_power_state_empirical,regularized_power_state_gaussian,log_loss,956,8,551447,0.03660218103733763,0.21261738675861308,0.026774410574698853,0.02842624392028562,0.047905810858239285,716,7,True
0.05,Q5,5,regularized_power_state_empirical,regularized_power_state_gaussian,crps,956,8,551447,0.06478395020598918,0.15784412845630313,0.02720195271842137,0.021881120122601606,0.12761627089428004,725,7,True
0.05,Q5,5,regularized_power_state_empirical,regularized_power_state_gaussian,interval_coverage_abs_error,956,8,551447,0.003532161748998528,0.0735737947654497,-0.018789399796748405,-0.010046456113560266,0.007863191168895365,519,2,True
0.05,Q5,5,regularized_power_state_empirical,regularized_power_state_gaussian,median_mae,956,8,551447,0.03225926733829811,0.06814990597197994,0.012966779141634256,0.004435909859339943,0.06840737435046344,635,6,True
0.05,Q5,7,regularized_power_state_empirical,regularized_power_state_gaussian,brier,653,7,390983,0.010869300817681036,0.19414793369522546,0.011054391287987372,0.007837651440411793,0.014869116490471344,509,7,True
0.05,Q5,7,regularized_power_state_empirical,regularized_power_state_gaussian,log_loss,653,7,390983,0.03460120510780457,0.17887716463914474,0.031992792234694124,0.02523715968135331,0.0440268950743597,478,7,True
0.05,Q5,7,regularized_power_state_empirical,regularized_power_state_gaussian,crps,653,7,390983,0.054614245256368384,0.11353010189152074,0.021696775434527384,0.020807626937543188,0.11780671031107677,508,5,True
0.05,Q5,7,regularized_power_state_empirical,regularized_power_state_gaussian,interval_coverage_abs_error,653,7,390983,0.000186197353849132,0.0037576326914041673,-0.01500880795033237,-0.010557333933478625,0.005780511786017164,339,0,True
0.05,Q5,7,regularized_power_state_empirical,regularized_power_state_gaussian,median_mae,653,7,390983,0.038675958736070166,0.06614999925412975,0.003557842341276995,0.006238080957353886,0.09814399271361497,459,4,True
0.05,Q5,10,regularized_power_state_empirical,regularized_power_state_gaussian,brier,402,5,253865,0.01002836781572953,0.1532134839098124,0.008528428504032114,0.005064595939505926,0.013334232159265701,292,5,True
0.05,Q5,10,regularized_power_state_empirical,regularized_power_state_gaussian,log_loss,402,5,253865,0.03077074936725753,0.1381544287638215,0.03927296740023247,0.018166676350975363,0.04096026725684848,288,5,True
0.05,Q5,10,regularized_power_state_empirical,regularized_power_state_gaussian,crps,402,5,253865,0.04821025045829332,0.11903979093201945,0.06872241039904357,0.0195321995783261,0.11993888793085994,284,4,True
0.05,Q5,10,regularized_power_state_empirical,regularized_power_state_gaussian,interval_coverage_abs_error,402,5,253865,-0.0026943454198097576,-0.05096376655018547,0.0018821103485109029,-0.014471137711990425,0.004611551302393561,204,1,True
0.05,Q5,10,regularized_power_state_empirical,regularized_power_state_gaussian,median_mae,402,5,253865,0.046530661239488756,0.09400315389900091,0.03753197881936956,0.0036826839203703016,0.19994038364655095,265,3,True
0.05,Q5,14,regularized_power_state_empirical,regularized_power_state_gaussian,brier,255,3,165714,0.008944198858437228,0.11200941964630559,0.0069395121632689445,0.004358479253600041,0.012332176609197061,190,3,True
0.05,Q5,14,regularized_power_state_empirical,regularized_power_state_gaussian,log_loss,255,3,165714,0.025989838617802605,0.09752838057963698,0.01864536030477604,0.010780750830291742,0.03648392470262925,182,3,True
0.05,Q5,14,regularized_power_state_empirical,regularized_power_state_gaussian,crps,255,3,165714,0.04320443518535809,0.10173526160514236,0.07943895611330173,0.010311125417399127,0.13590719408827123,191,3,True
0.05,Q5,14,regularized_power_state_empirical,regularized_power_state_gaussian,interval_coverage_abs_error,255,3,165714,-0.011193984817215214,-0.19753796349541056,-0.014444617765887317,-0.02283775577900054,-0.0018156211562437722,109,0,True
0.05,Q5,14,regularized_power_state_empirical,regularized_power_state_gaussian,median_mae,255,3,165714,0.047536482635986935,0.09030714199693357,0.20634975869555486,-0.0003682235684168153,0.20719848123239865,184,3,True
0.05,Q5,21,regularized_power_state_empirical,regularized_power_state_gaussian,brier,144,2,91336,0.011172780986500465,0.11373327028770532,0.00904700422804304,0.007433502027916805,0.016339066498382022,111,2,True
0.05,Q5,21,regularized_power_state_empirical,regularized_power_state_gaussian,log_loss,144,2,91336,0.025876793774250378,0.08063312909806793,0.01653845942016576,0.011974782442565996,0.04283129860022996,99,2,True
0.05,Q5,21,regularized_power_state_empirical,regularized_power_state_gaussian,crps,144,2,91336,0.04723616489229572,0.09472149705009945,0.03268982521469818,0.008516011139867281,0.11145504643612496,98,2,True
0.05,Q5,21,regularized_power_state_empirical,regularized_power_state_gaussian,interval_coverage_abs_error,144,2,91336,-0.024005868441797345,-0.37686490202818873,-0.02437149988849821,-0.03968676310624055,-0.006843481642252245,55,0,True
0.05,Q5,21,regularized_power_state_empirical,regularized_power_state_gaussian,median_mae,144,2,91336,0.06119511701823453,0.09948098847035823,0.04459882733121175,0.008897315317115144,0.19967697180225394,87,2,True
0.05,Q5,30,regularized_power_state_empirical,regularized_power_state_gaussian,brier,102,2,56093,0.009068057617528444,0.07669812913594992,0.010021645728109436,0.0023530843331086037,0.024094411608568872,73,2,True
0.05,Q5,30,regularized_power_state_empirical,regularized_power_state_gaussian,log_loss,102,2,56093,0.015371741225172422,0.04106484913366124,0.014408087050993739,-0.00784550674201038,0.06329801927236185,60,1,True
0.05,Q5,30,regularized_power_state_empirical,regularized_power_state_gaussian,crps,102,2,56093,0.04256873685685717,0.07611094228384878,0.02904709939895227,0.008926435455174641,0.08662855453297352,73,2,True
0.05,Q5,30,regularized_power_state_empirical,regularized_power_state_gaussian,interval_coverage_abs_error,102,2,56093,-0.029037491309076024,-0.41330660509020817,-0.03557361196046032,-0.044847159005410774,-0.0138242291240097,36,0,True
0.05,Q5,30,regularized_power_state_empirical,regularized_power_state_gaussian,median_mae,102,2,56093,0.05403266715682998,0.08028547432191852,0.03769030434730044,0.0008616858982837492,0.14944413497909406,73,2,True
0.1,Q10,1,regularized_power_state_empirical,regularized_power_state_gaussian,brier,3280,9,1924679,0.006743381255085881,0.28246430623302904,0.004914076186506228,0.00493088698218487,0.009004485856572967,2583,9,True
0.1,Q10,1,regularized_power_state_empirical,regularized_power_state_gaussian,log_loss,3280,9,1924679,0.022579987714046283,0.2572062466366661,0.01627634803120946,0.01702578288511125,0.028944901427178978,2520,9,True
0.1,Q10,1,regularized_power_state_empirical,regularized_power_state_gaussian,crps,3280,9,1924679,0.06146979627084904,0.3163519185246355,0.037221628920825145,0.01056577973405053,0.22491202234648366,2865,9,True
0.1,Q10,1,regularized_power_state_empirical,regularized_power_state_gaussian,interval_coverage_abs_error,3280,9,1924679,0.01182971290277494,0.2525212306866462,0.005397954739229337,0.00523552836966487,0.016467966702398574,2174,7,True
0.1,Q10,1,regularized_power_state_empirical,regularized_power_state_gaussian,median_mae,3280,9,1924679,0.0011035602374213375,0.0065367344329027395,0.0016027895226497044,-0.02200664990013239,0.013681177684807306,2320,8,True
0.1,Q10,2,regularized_power_state_empirical,regularized_power_state_gaussian,brier,2763,9,1479167,0.009788059200741472,0.2646732106893759,0.006813197300740988,0.007482969654369817,0.012073399329751783,2192,9,True
0.1,Q10,2,regularized_power_state_empirical,regularized_power_state_gaussian,log_loss,2763,9,1479167,0.03183307465687396,0.24252358888988623,0.02197020884683074,0.023688217229120342,0.03850006946361853,2124,9,True
0.1,Q10,2,regularized_power_state_empirical,regularized_power_state_gaussian,crps,2763,9,1479167,0.09958494193040972,0.3059837202393264,0.054184725641118384,0.014923897046448337,0.3809505039882515,2331,8,True
0.1,Q10,2,regularized_power_state_empirical,regularized_power_state_gaussian,interval_coverage_abs_error,2763,9,1479167,0.008134984082257088,0.17454637235689063,-0.0017351267939924998,-0.002112715228409286,0.01377601389215421,1633,3,True
0.1,Q10,2,regularized_power_state_empirical,regularized_power_state_gaussian,median_mae,2763,9,1479167,-0.0016866440948381885,-0.00577775237820642,0.0004097637372435539,-0.06956990616807769,0.025354575391663314,1938,8,True
0.1,Q10,3,regularized_power_state_empirical,regularized_power_state_gaussian,brier,2171,9,1125256,0.010722317905177983,0.23824114498295343,0.007539739891080324,0.008069834862618362,0.013285596931827253,1727,8,True
0.1,Q10,3,regularized_power_state_empirical,regularized_power_state_gaussian,log_loss,2171,9,1125256,0.034032311906216244,0.21609549533311867,0.023020038931631896,0.02619208011400637,0.04166166572447221,1669,8,True
0.1,Q10,3,regularized_power_state_empirical,regularized_power_state_gaussian,crps,2171,9,1125256,0.07219739586522661,0.20732360029270275,0.03199693993790908,0.019900062888273447,0.14979727646881574,1710,8,True
0.1,Q10,3,regularized_power_state_empirical,regularized_power_state_gaussian,interval_coverage_abs_error,2171,9,1125256,0.005594815757480947,0.11912970749300773,-0.007075138570458687,-0.007543847660057356,0.011001058065862115,1197,3,True
0.1,Q10,3,regularized_power_state_empirical,regularized_power_state_gaussian,median_mae,2171,9,1125256,0.018647228349497398,0.050693487405664366,0.010303352086622437,0.00733624771903455,0.03741419478826757,1477,9,True
0.1,Q10,5,regularized_power_state_empirical,regularized_power_state_gaussian,brier,1265,8,696720,0.011318176543738158,0.2022073045678905,0.007818416384646755,0.009055293154059499,0.013857273051215572,998,7,True
0.1,Q10,5,regularized_power_state_empirical,regularized_power_state_gaussian,log_loss,1265,8,696720,0.035326342764267236,0.18302655147747662,0.02406099490381552,0.028794449486627918,0.0421327090340694,960,7,True
0.1,Q10,5,regularized_power_state_empirical,regularized_power_state_gaussian,crps,1265,8,696720,0.08700814666260348,0.18843026275506244,0.029128044493611394,0.01680591750693777,0.18068326548046446,966,7,True
0.1,Q10,5,regularized_power_state_empirical,regularized_power_state_gaussian,interval_coverage_abs_error,1265,8,696720,0.0036941669537260157,0.07706680240740159,-0.01569396182238738,-0.011022265961848337,0.007873848957828404,700,3,True
0.1,Q10,5,regularized_power_state_empirical,regularized_power_state_gaussian,median_mae,1265,8,696720,0.03470824458510391,0.06735821802956682,0.013012974643989025,0.010388264812100636,0.07191460156669577,848,6,True
0.1,Q10,7,regularized_power_state_empirical,regularized_power_state_gaussian,brier,845,7,487478,0.01009202416096889,0.15941895550741203,0.008460990365434564,0.006995147483375002,0.013050588311361187,645,6,True
0.1,Q10,7,regularized_power_state_empirical,regularized_power_state_gaussian,log_loss,845,7,487478,0.031764744460078424,0.1469177570372381,0.0233533246501608,0.020161164715751113,0.04010537920618467,615,6,True
0.1,Q10,7,regularized_power_state_empirical,regularized_power_state_gaussian,crps,845,7,487478,0.07245170705335831,0.13466950550590712,0.0318336015159471,0.0254166905803855,0.12681771385943968,665,5,True
0.1,Q10,7,regularized_power_state_empirical,regularized_power_state_gaussian,interval_coverage_abs_error,845,7,487478,0.0007897792310627238,0.016002194586685944,-0.014486996191626116,-0.007941726954089543,0.005795674566073083,451,1,True
0.1,Q10,7,regularized_power_state_empirical,regularized_power_state_gaussian,median_mae,845,7,487478,0.04554030685881535,0.07073713497902605,0.019391639287682207,0.01620661972970582,0.12259274713748011,602,4,True
0.1,Q10,10,regularized_power_state_empirical,regularized_power_state_gaussian,brier,519,5,317601,0.009496519817934724,0.13125260560748842,0.0061818503697565535,0.003095959346155027,0.012589517556722338,376,4,True
0.1,Q10,10,regularized_power_state_empirical,regularized_power_state_gaussian,log_loss,519,5,317601,0.028628723874614893,0.11721494830521835,0.01381193050879452,0.00837005380669231,0.03879665797033857,366,4,True
0.1,Q10,10,regularized_power_state_empirical,regularized_power_state_gaussian,crps,519,5,317601,0.044319756932377045,0.09044995743800237,0.03610083132421291,-0.02387811679342969,0.11524367503225995,373,4,True
0.1,Q10,10,regularized_power_state_empirical,regularized_power_state_gaussian,interval_coverage_abs_error,519,5,317601,-0.0022499929156394468,-0.04249549533477268,-0.005629062994938606,-0.012696423206453407,0.003761023841694676,268,0,True
0.1,Q10,10,regularized_power_state_empirical,regularized_power_state_gaussian,median_mae,519,5,317601,0.0380936944338026,0.06316324228443698,0.015528829781520962,-0.047992465719431825,0.11386500456886758,350,3,True
0.1,Q10,14,regularized_power_state_empirical,regularized_power_state_gaussian,brier,322,3,203699,0.010175274276874353,0.11691772042498962,0.008869253015310979,0.005874361470733141,0.014446900385409479,233,3,True
0.1,Q10,14,regularized_power_state_empirical,regularized_power_state_gaussian,log_loss,322,3,203699,0.027382652797184645,0.09533640686899178,0.02274377533584819,0.01628316185703765,0.04037994486766519,225,3,True
0.1,Q10,14,regularized_power_state_empirical,regularized_power_state_gaussian,crps,322,3,203699,0.052196869554576183,0.10979088486481303,0.06698698034676774,0.005215865097313872,0.16109076944768883,242,3,True
0.1,Q10,14,regularized_power_state_empirical,regularized_power_state_gaussian,interval_coverage_abs_error,322,3,203699,-0.011875365122067376,-0.2116527110621136,-0.012398843832913503,-0.020759960210055446,-0.001052962448871458,143,0,True
0.1,Q10,14,regularized_power_state_empirical,regularized_power_state_gaussian,median_mae,322,3,203699,0.045658797998558945,0.07875025023896573,0.14473482643354915,0.009530049288085117,0.2554370754040856,229,3,True
0.1,Q10,21,regularized_power_state_empirical,regularized_power_state_gaussian,brier,180,2,111954,0.01108169550358455,0.10281131717182065,0.008604278925122257,0.006641171484941613,0.014545081247098038,123,2,True
0.1,Q10,21,regularized_power_state_empirical,regularized_power_state_gaussian,log_loss,180,2,111954,0.02556189810276867,0.07383371167507537,0.015634679561007392,0.013561396584624352,0.03733801998845,122,2,True
0.1,Q10,21,regularized_power_state_empirical,regularized_power_state_gaussian,crps,180,2,111954,0.05931035116928369,0.10307492380737297,0.04202048497440692,-0.010290589094147781,0.15044729400033974,121,2,True
0.1,Q10,21,regularized_power_state_empirical,regularized_power_state_gaussian,interval_coverage_abs_error,180,2,111954,-0.024024152777033445,-0.3873271889400926,-0.02597799736067513,-0.038754407860491065,-0.010290712184885925,70,0,True
0.1,Q10,21,regularized_power_state_empirical,regularized_power_state_gaussian,median_mae,180,2,111954,0.06825887849600393,0.09687809622193307,0.05009484187182453,0.002238234117782177,0.17282030391328856,110,2,True
0.1,Q10,30,regularized_power_state_empirical,regularized_power_state_gaussian,brier,129,2,70703,0.010133910660490806,0.07932554635521344,0.008543253931451637,0.004760979856469508,0.020090512325008716,85,2,True
0.1,Q10,30,regularized_power_state_empirical,regularized_power_state_gaussian,log_loss,129,2,70703,0.016812227321259813,0.04218097316805268,0.010423177223195343,0.0009538504666646487,0.04709097724213117,78,1,True
0.1,Q10,30,regularized_power_state_empirical,regularized_power_state_gaussian,crps,129,2,70703,0.05420976252673577,0.08054177251826625,0.03754184350684795,-0.010247724991731022,0.11927706380535795,86,2,True
0.1,Q10,30,regularized_power_state_empirical,regularized_power_state_gaussian,interval_coverage_abs_error,129,2,70703,-0.031079303565619585,-0.44430515397213766,-0.03986523946363282,-0.04861775934418852,-0.01816645235590507,45,0,True
0.1,Q10,30,regularized_power_state_empirical,regularized_power_state_gaussian,median_mae,129,2,70703,0.07663590577829506,0.09285644680534069,0.0584483472319209,-0.0009473753323491701,0.19068984549581477,90,2,True
0.2,Q20,1,regularized_power_state_empirical,regularized_power_state_gaussian,brier,3716,9,2172274,0.007389028732987798,0.2788856843794855,0.005097167880604629,0.005244519246861182,0.009636158174631706,2926,9,True
0.2,Q20,1,regularized_power_state_empirical,regularized_power_state_gaussian,log_loss,3716,9,2172274,0.023929477562510595,0.2471727625364976,0.016494850102399723,0.017079610453786347,0.02999136890910581,2853,9,True
0.2,Q20,1,regularized_power_state_empirical,regularized_power_state_gaussian,crps,3716,9,2172274,0.06945126709937897,0.31144181179244623,0.043381393788296106,0.01399456450368912,0.20517041362970437,3261,9,True
0.2,Q20,1,regularized_power_state_empirical,regularized_power_state_gaussian,interval_coverage_abs_error,3716,9,2172274,0.012074167439282505,0.2545408668310007,0.005474066050619163,0.005444850216078495,0.01639574789206648,2468,8,True
0.2,Q20,1,regularized_power_state_empirical,regularized_power_state_gaussian,median_mae,3716,9,2172274,0.006203330513084505,0.0313012927649346,0.006965542367465247,-0.01513468582354331,0.02647199498131572,2643,8,True
0.2,Q20,2,regularized_power_state_empirical,regularized_power_state_gaussian,brier,3164,9,1678411,0.010784400415657326,0.2604756198158328,0.007035290595475249,0.007740442556597528,0.012937908312120227,2485,9,True
0.2,Q20,2,regularized_power_state_empirical,regularized_power_state_gaussian,log_loss,3164,9,1678411,0.03339585613166716,0.2295036508312541,0.021869853481402496,0.02520591775171927,0.04065807121096575,2382,9,True
0.2,Q20,2,regularized_power_state_empirical,regularized_power_state_gaussian,crps,3164,9,1678411,0.12531032660571792,0.3115749089841302,0.07514553290457514,0.017901279699432338,0.35379847971539324,2682,9,True
0.2,Q20,2,regularized_power_state_empirical,regularized_power_state_gaussian,interval_coverage_abs_error,3164,9,1678411,0.008166533703604163,0.17321547045108424,-0.0011054771711562134,-0.0020785806583931274,0.01340628171764735,1884,3,True
0.2,Q20,2,regularized_power_state_empirical,regularized_power_state_gaussian,median_mae,3164,9,1678411,0.01994987707089578,0.05338074038495995,0.020452379595105694,-0.04676931209565079,0.09105271794533856,2231,9,True
0.2,Q20,3,regularized_power_state_empirical,regularized_power_state_gaussian,brier,2527,9,1287298,0.011553322101966464,0.22700053298051803,0.007622214485473836,0.008605912312471008,0.014205558975031698,1952,9,True
0.2,Q20,3,regularized_power_state_empirical,regularized_power_state_gaussian,log_loss,2527,9,1287298,0.035089440129264834,0.1994151880451344,0.022710413579194264,0.02608852605527768,0.04227878814024727,1882,9,True
0.2,Q20,3,regularized_power_state_empirical,regularized_power_state_gaussian,crps,2527,9,1287298,0.12807088927281227,0.25714307477943954,0.07520655144133556,0.027776772599717264,0.3110687052627071,1995,8,True
0.2,Q20,3,regularized_power_state_empirical,regularized_power_state_gaussian,interval_coverage_abs_error,2527,9,1287298,0.005530343401450152,0.11602800631054638,-0.007358085469351084,-0.00783514243966817,0.011484963105140782,1399,3,True
0.2,Q20,3,regularized_power_state_empirical,regularized_power_state_gaussian,median_mae,2527,9,1287298,0.06059667755234263,0.1153767725036293,0.046125677869083934,0.00922150395914184,0.2015270525191316,1724,9,True
0.2,Q20,5,regularized_power_state_empirical,regularized_power_state_gaussian,brier,1521,8,806013,0.012083793602330336,0.18951569909550064,0.009485108734975883,0.00999855143451981,0.014506250995589347,1202,8,True
0.2,Q20,5,regularized_power_state_empirical,regularized_power_state_gaussian,log_loss,1521,8,806013,0.03604739465680391,0.16631527809595034,0.02732991711036848,0.030027093639967254,0.04350746236298694,1173,8,True
0.2,Q20,5,regularized_power_state_empirical,regularized_power_state_gaussian,crps,1521,8,806013,0.1622799306535054,0.24092298878241572,0.09519168219832091,0.02420619729481287,0.3923798727975824,1172,7,True
0.2,Q20,5,regularized_power_state_empirical,regularized_power_state_gaussian,interval_coverage_abs_error,1521,8,806013,0.003447338938701967,0.0706079664570228,-0.015970528900527012,-0.010440163616734967,0.008237323012814941,847,3,True
0.2,Q20,5,regularized_power_state_empirical,regularized_power_state_gaussian,median_mae,1521,8,806013,0.11167075756479929,0.1449444630756391,0.08498742346440973,0.01278538221284459,0.3365654548167468,1026,6,True
0.2,Q20,7,regularized_power_state_empirical,regularized_power_state_gaussian,brier,1009,7,560538,0.01128136435036846,0.1564193684273273,0.010438272580963704,0.008480897980964082,0.014481969625510745,778,7,True
0.2,Q20,7,regularized_power_state_empirical,regularized_power_state_gaussian,log_loss,1009,7,560538,0.033415813786860225,0.13765384196630343,0.0292797990592368,0.025535870149417404,0.042417394817833,783,7,True
0.2,Q20,7,regularized_power_state_empirical,regularized_power_state_gaussian,crps,1009,7,560538,0.16598895709808215,0.21849584775744196,0.12717925286768558,0.0297111945068999,0.4714342030833929,788,5,True
0.2,Q20,7,regularized_power_state_empirical,regularized_power_state_gaussian,interval_coverage_abs_error,1009,7,560538,0.0011688770431264128,0.023156361991333804,-0.014840692847935414,-0.009518987178939007,0.005496314757244117,545,2,True
0.2,Q20,7,regularized_power_state_empirical,regularized_power_state_gaussian,median_mae,1009,7,560538,0.15968946149231059,0.17306817110812642,0.1377026175600002,0.023658729905327414,0.5192190281961802,712,5,True
0.2,Q20,10,regularized_power_state_empirical,regularized_power_state_gaussian,brier,611,5,364243,0.011048397950718483,0.13256500533332147,0.008042899620922703,0.0056317033073003155,0.013739869342982719,472,4,True
0.2,Q20,10,regularized_power_state_empirical,regularized_power_state_gaussian,log_loss,611,5,364243,0.03152761798578729,0.11419680863896915,0.020293948216347023,0.013295146742804414,0.03944655415983944,475,4,True
0.2,Q20,10,regularized_power_state_empirical,regularized_power_state_gaussian,crps,611,5,364243,0.048075914014564604,0.08860471962023438,0.039463974172877433,-0.012800487926143073,0.10780722397020924,437,4,True
0.2,Q20,10,regularized_power_state_empirical,regularized_power_state_gaussian,interval_coverage_abs_error,611,5,364243,-0.002620228803298909,-0.04895840279879577,-0.00519736580378655,-0.01129018390923375,0.003295838488934438,318,0,True
0.2,Q20,10,regularized_power_state_empirical,regularized_power_state_gaussian,median_mae,611,5,364243,0.041392838867546404,0.06173218057331122,0.015784518616515024,-0.04694794166264136,0.1075132914869333,409,3,True
0.2,Q20,14,regularized_power_state_empirical,regularized_power_state_gaussian,brier,386,3,235904,0.011132077843771428,0.11631757410366161,0.008114718761072294,0.00399026425329572,0.01535593299989354,292,3,True
0.2,Q20,14,regularized_power_state_empirical,regularized_power_state_gaussian,log_loss,386,3,235904,0.03043748953775467,0.09736024823952129,0.021129685486226634,0.010935115956194508,0.04313634002662802,285,3,True
0.2,Q20,14,regularized_power_state_empirical,regularized_power_state_gaussian,crps,386,3,235904,0.051387316965728146,0.09336970550085008,0.05789948135744543,0.008256635471018937,0.1277094824679484,285,3,True
0.2,Q20,14,regularized_power_state_empirical,regularized_power_state_gaussian,interval_coverage_abs_error,386,3,235904,-0.015522415897992413,-0.274975970203052,-0.01811152386584675,-0.029876979917774146,-0.00454571716206511,170,0,True
0.2,Q20,14,regularized_power_state_empirical,regularized_power_state_gaussian,median_mae,386,3,235904,0.04601895316993271,0.06774442685153355,0.11472405891423017,0.012877067423010301,0.18959849549792124,277,3,True
0.2,Q20,21,regularized_power_state_empirical,regularized_power_state_gaussian,brier,211,2,127462,0.012476714607559329,0.10790994747146386,0.010919064274042049,0.00856304527600074,0.016791788990401946,149,2,True
0.2,Q20,21,regularized_power_state_empirical,regularized_power_state_gaussian,log_loss,211,2,127462,0.031850273164092655,0.08666387779301755,0.025612335219930043,0.022083784671052605,0.043188479862453506,146,2,True
0.2,Q20,21,regularized_power_state_empirical,regularized_power_state_gaussian,crps,211,2,127462,0.0455413782173351,0.07132104648373118,0.03281181553454906,-0.011884334559137951,0.12815821962400956,133,1,True
0.2,Q20,21,regularized_power_state_empirical,regularized_power_state_gaussian,interval_coverage_abs_error,211,2,127462,-0.029786132337480994,-0.46392785571142325,-0.029028572292768125,-0.04792804550909696,-0.010495047455665022,76,0,True
0.2,Q20,21,regularized_power_state_empirical,regularized_power_state_gaussian,median_mae,211,2,127462,0.06354476919767334,0.07963712240217749,0.045203377346184785,-0.005366243517474957,0.17746604875442323,126,1,True
0.2,Q20,30,regularized_power_state_empirical,regularized_power_state_gaussian,brier,144,2,78380,0.011107726541276694,0.08429799489279659,0.012241751819206281,0.005531801271486458,0.022943227656524595,89,2,True
0.2,Q20,30,regularized_power_state_empirical,regularized_power_state_gaussian,log_loss,144,2,78380,0.02210006967934874,0.05386020265208046,0.02047229244307723,0.006419657232890585,0.05328100461171687,90,2,True
0.2,Q20,30,regularized_power_state_empirical,regularized_power_state_gaussian,crps,144,2,78380,0.04151095912551572,0.05969766523528928,0.030711180024044094,-0.011095205261790126,0.10894115503296493,96,1,True
0.2,Q20,30,regularized_power_state_empirical,regularized_power_state_gaussian,interval_coverage_abs_error,144,2,78380,-0.03867313090074,-0.5338499471644947,-0.04211889151660275,-0.060181690274943044,-0.022047413969753644,49,0,True
0.2,Q20,30,regularized_power_state_empirical,regularized_power_state_gaussian,median_mae,144,2,78380,0.07507460203041068,0.08546612011876492,0.053082715519461775,-0.0016816259533020033,0.18528222369277084,97,1,True
